id,owner,name,year,odokm,price,color,post_code,registration,price_guide,price_change,last_price_date,last_price_value,last_modified,date,url
2017-OAG-AD-20775350,dealer,2017 Toyota Corolla Hybrid Auto,2017,52937,29888,Blue Gem,4157,4 Months - October 2022,25030(23600.24950)-29888(26300.27700),cnt:1-amt:0-evts:[],,,None,2022-06-23,https://www.carsales.com.au/cars/details/2017-toyota-corolla-hybrid-auto/OAG-AD-20775350/
2019-OAG-AD-20696318,dealer,2019 Toyota Corolla Ascent Sport Hybrid Auto,2019,25334,31890,White,4170,None,30035(.)-31890(.),cnt:1-amt:0-evts:[],,,None,2022-06-23,https://www.carsales.com.au/cars/details/2019-toyota-corolla-ascent-sport-hybrid-auto/OAG-AD-20696318/
2018-OAG-AD-20679341,dealer,2018 Toyota Corolla Ascent Auto,2018,21632,24990,Silver Pearl,4170,None,20025(.)-24990(.),cnt:1-amt:0-evts:[],,,None,2022-06-23,https://www.carsales.com.au/cars/details/2018-toyota-corolla-ascent-auto/OAG-AD-20679341/
2020-OAG-AD-20737735,dealer,2020 Toyota Corolla ZR Auto,2020,15339,39345,White,4106,May 2022,35040(.)-39345(.),cnt:1-amt:0-evts:[],,,None,2022-06-23,https://www.carsales.com.au/cars/details/2020-toyota-corolla-zr-auto/OAG-AD-20737735/
2016-OAG-AD-20804869,dealer,2016 Toyota Corolla Ascent Sport Auto,2016,68262,21590,White,4170,None,20025(.)-21590(.),cnt:1-amt:0-evts:[],,,None,2022-06-23,https://www.carsales.com.au/cars/details/2016-toyota-corolla-ascent-sport-auto/OAG-AD-20804869/
2018-OAG-AD-20811927,dealer,2018 Toyota Corolla Ascent Sport Hybrid Auto,2018,47004,30990,White,4107,6 Months - December 2022,30035(.)-30990(.),cnt:1-amt:0-evts:[],,,None,2022-06-23,https://www.carsales.com.au/cars/details/2018-toyota-corolla-ascent-sport-hybrid-auto/OAG-AD-20811927/
2017-OAG-AD-20693905,dealer,2017 Toyota Corolla Hybrid Auto,2017,46005,29045,White,4106,March 2022,25030(.)-29045(.),cnt:1-amt:0-evts:[],,,None,2022-06-23,https://www.carsales.com.au/cars/details/2017-toyota-corolla-hybrid-auto/OAG-AD-20693905/
2018-OAG-AD-20770298,dealer,2018 Toyota Corolla Ascent Sport Auto,2018,70390,27490,Oxide Bronze,4009,None,25030(21300.22550)-27490(23700.25050),cnt:1-amt:0-evts:[],,,None,2022-06-23,https://www.carsales.com.au/cars/details/2018-toyota-corolla-ascent-sport-auto/OAG-AD-20770298/
2017-OAG-AD-20781971,dealer,2017 Toyota Corolla Ascent Auto,2017,48275,24990,Silver Ash,4170,None,20025(.)-24990(.),cnt:1-amt:0-evts:[],,,None,2022-06-23,https://www.carsales.com.au/cars/details/2017-toyota-corolla-ascent-auto/OAG-AD-20781971/
2019-OAG-AD-20811735,dealer,2019 Toyota Corolla Ascent Sport Hybrid Auto,2019,27062,33190,White,4170,None,30035(.)-33190(.),cnt:1-amt:0-evts:[],,,None,2022-06-23,https://www.carsales.com.au/cars/details/2019-toyota-corolla-ascent-sport-hybrid-auto/OAG-AD-20811735/
2019-OAG-AD-20685617,dealer,2019 Toyota Corolla Ascent Auto,2019,21141,29982,Silver Ash,4106,None,25030(.)-29982(.),cnt:1-amt:0-evts:[],,,None,2022-06-23,https://www.carsales.com.au/cars/details/2019-toyota-corolla-ascent-auto/OAG-AD-20685617/
2018-OAG-AD-20693711,dealer,2018 Toyota Corolla SX Auto,2018,32991,30190,Volcanic Red,4170,None,30035(.)-30190(.),cnt:1-amt:0-evts:[],,,None,2022-06-23,https://www.carsales.com.au/cars/details/2018-toyota-corolla-sx-auto/OAG-AD-20693711/
2017-OAG-AD-20796964,dealer,2017 Toyota Corolla Ascent Auto,2017,26276,25690,Glacier White,4170,None,25030(.)-25690(.),cnt:1-amt:0-evts:[],,,None,2022-06-23,https://www.carsales.com.au/cars/details/2017-toyota-corolla-ascent-auto/OAG-AD-20796964/
2019-OAG-AD-20718570,dealer,2019 Toyota Corolla Ascent Sport Hybrid Auto,2019,34388,32490,White,4170,None,30035(.)-32490(.),cnt:1-amt:0-evts:[],,,None,2022-06-23,https://www.carsales.com.au/cars/details/2019-toyota-corolla-ascent-sport-hybrid-auto/OAG-AD-20718570/
2017-OAG-AD-20801096,dealer,2017 Toyota Corolla Ascent Auto,2017,72767,21190,Glacier White,4170,None,20025(.)-21190(.),cnt:1-amt:0-evts:[],,,None,2022-06-23,https://www.carsales.com.au/cars/details/2017-toyota-corolla-ascent-auto/OAG-AD-20801096/
2019-OAG-AD-20696318,dealer,2019 Toyota Corolla Ascent Sport Hybrid Auto,2019,25334,31890,White,4170,None,30035(.)-31890(.),cnt:1-amt:0-evts:[],,,None,2022-06-23,https://www.carsales.com.au/cars/details/2019-toyota-corolla-ascent-sport-hybrid-auto/OAG-AD-20696318/
2018-OAG-AD-20696321,dealer,2018 Toyota Corolla Ascent Sport Auto,2018,30662,26990,Black,4170,None,25030(.)-26990(.),cnt:1-amt:0-evts:[],,,None,2022-06-23,https://www.carsales.com.au/cars/details/2018-toyota-corolla-ascent-sport-auto/OAG-AD-20696321/
2018-OAG-AD-20647730,dealer,2018 Toyota Corolla Ascent Sport Auto,2018,76474,21290,None,4170,None,20025(.)-21290(.),cnt:1-amt:0-evts:[],,,None,2022-06-23,https://www.carsales.com.au/cars/details/2018-toyota-corolla-ascent-sport-auto/OAG-AD-20647730/
2018-OAG-AD-20747346,dealer,2018 Toyota Corolla Ascent Sport Hybrid Auto,2018,10443,34490,Silver Pearl,4170,None,30035(.)-34490(.),cnt:1-amt:0-evts:[],,,None,2022-06-23,https://www.carsales.com.au/cars/details/2018-toyota-corolla-ascent-sport-hybrid-auto/OAG-AD-20747346/
2018-OAG-AD-20758402,dealer,2018 Toyota Corolla Ascent Sport Auto,2018,31610,27790,White,4170,None,25030(.)-27790(.),cnt:1-amt:0-evts:[],,,None,2022-06-23,https://www.carsales.com.au/cars/details/2018-toyota-corolla-ascent-sport-auto/OAG-AD-20758402/
2016-OAG-AD-20804869,dealer,2016 Toyota Corolla Ascent Sport Auto,2016,68262,21590,White,4170,None,20025(.)-21590(.),cnt:1-amt:0-evts:[],,,None,2022-06-23,https://www.carsales.com.au/cars/details/2016-toyota-corolla-ascent-sport-auto/OAG-AD-20804869/
2017-OAG-AD-20775350,dealer,2017 Toyota Corolla Hybrid Auto,2017,52937,29888,Blue Gem,4157,4 Months - October 2022,25030(23600.24950)-29888(26300.27700),cnt:1-amt:0-evts:[],,,None,2022-06-23,https://www.carsales.com.au/cars/details/2017-toyota-corolla-hybrid-auto/OAG-AD-20775350/
2020-OAG-AD-20737735,dealer,2020 Toyota Corolla ZR Auto,2020,15339,39345,White,4106,May 2022,35040(.)-39345(.),cnt:1-amt:0-evts:[],,,None,2022-06-23,https://www.carsales.com.au/cars/details/2020-toyota-corolla-zr-auto/OAG-AD-20737735/
2018-OAG-AD-20842653,dealer,2018 Toyota Corolla Ascent Sport Hybrid Auto,2018,17013,33390,Volcanic Red,4170,None,30035(.)-33390(.),cnt:1-amt:0-evts:[],,,None,2022-06-23,https://www.carsales.com.au/cars/details/2018-toyota-corolla-ascent-sport-hybrid-auto/OAG-AD-20842653/
2018-OAG-AD-20825656,dealer,2018 Toyota Corolla Ascent Sport Hybrid Auto,2018,16499,31690,Volcanic Red,4170,None,30035(.)-31690(.),cnt:1-amt:0-evts:[],,,None,2022-06-23,https://www.carsales.com.au/cars/details/2018-toyota-corolla-ascent-sport-hybrid-auto/OAG-AD-20825656/
2016-OAG-AD-20849305,dealer,2016 Toyota Corolla Ascent Auto,2016,71842,20990,Glacier White,4170,None,20025(.)-20990(.),cnt:1-amt:0-evts:[],,,None,2022-06-23,https://www.carsales.com.au/cars/details/2016-toyota-corolla-ascent-auto/OAG-AD-20849305/
2019-OAG-AD-20732114,dealer,2019 Toyota Corolla Ascent Sport Hybrid Auto,2019,10297,35250,Glacier White,4106,April 2022,35040(.)-35250(.),cnt:1-amt:0-evts:[],,,None,2022-06-23,https://www.carsales.com.au/cars/details/2019-toyota-corolla-ascent-sport-hybrid-auto/OAG-AD-20732114/
2016-OAG-AD-20813155,dealer,2016 Toyota Corolla Ascent Auto,2016,60507,23990,Ink,4506,6 Months - December 2022,20025(16600.17750)-23990(18800.20050),cnt:1-amt:0-evts:[],,,None,2022-06-23,https://www.carsales.com.au/cars/details/2016-toyota-corolla-ascent-auto/OAG-AD-20813155/
2018-OAG-AD-20801095,dealer,2018 Toyota Corolla Ascent Auto,2018,98206,20490,Glacier White,4170,None,20025(.)-20490(.),cnt:1-amt:0-evts:[],,,None,2022-06-23,https://www.carsales.com.au/cars/details/2018-toyota-corolla-ascent-auto/OAG-AD-20801095/
2016-OAG-AD-20712605,dealer,2016 Toyota Corolla Ascent Sport Auto,2016,18659,26990,Silver Pearl,4506,5 Months - November 2022,25030(17600.18800)-26990(19900.21150),cnt:1-amt:0-evts:[],,,None,2022-06-23,https://www.carsales.com.au/cars/details/2016-toyota-corolla-ascent-sport-auto/OAG-AD-20712605/
2017-OAG-AD-20730728,dealer,2017 Toyota Corolla Ascent Auto,2017,40545,22290,Glacier White,4170,None,20025(.)-22290(.),cnt:1-amt:0-evts:[],,,None,2022-06-23,https://www.carsales.com.au/cars/details/2017-toyota-corolla-ascent-auto/OAG-AD-20730728/
2018-OAG-AD-20834383,dealer,2018 Toyota Corolla Ascent Auto,2018,8380,25590,Silver Pearl,4170,None,25030(.)-25590(.),cnt:1-amt:0-evts:[],,,None,2022-06-23,https://www.carsales.com.au/cars/details/2018-toyota-corolla-ascent-auto/OAG-AD-20834383/
2017-OAG-AD-20756174,dealer,2017 Toyota Corolla ZR Auto,2017,79508,26490,Ink,4009,None,25030(23900.25250)-26490(26700.28050),cnt:1-amt:0-evts:[],,,None,2022-06-23,https://www.carsales.com.au/cars/details/2017-toyota-corolla-zr-auto/OAG-AD-20756174/
2016-OAG-AD-20739226,dealer,2016 Toyota Corolla Ascent Auto,2016,63143,25777,Glacier White,4118,April 2022,25030(16500.17650)-25777(18700.19950),cnt:1-amt:0-evts:[],,,None,2022-06-23,https://www.carsales.com.au/cars/details/2016-toyota-corolla-ascent-auto/OAG-AD-20739226/
2016-OAG-AD-20813345,dealer,2016 Toyota Corolla ZR Auto,2016,61867,26889,Ink,4031,None,25030(21300.22600)-26889(24000.25300),cnt:1-amt:0-evts:[],,,None,2022-06-23,https://www.carsales.com.au/cars/details/2016-toyota-corolla-zr-auto/OAG-AD-20813345/
2019-OAG-AD-20833565,dealer,2019 Toyota Corolla Ascent Sport Auto,2019,24530,29990,Silver Pearl,4009,None,25030(22400.23750)-29990(24900.26250),cnt:1-amt:0-evts:[],,,None,2022-06-23,https://www.carsales.com.au/cars/details/2019-toyota-corolla-ascent-sport-auto/OAG-AD-20833565/
2017-OAG-AD-20825539,dealer,2017 Toyota Corolla Ascent Sport Auto,2017,148200,21888,Crystal Pearl,4170,None,20025(19000.20250)-21888(21400.22650),cnt:1-amt:0-evts:[],,,None,2022-06-23,https://www.carsales.com.au/cars/details/2017-toyota-corolla-ascent-sport-auto/OAG-AD-20825539/
2017-OAG-AD-20735739,dealer,2017 Toyota Corolla ZR Auto,2017,4418,33489,Wildfire,4006,5 Months - November 2022,30035(23900.25250)-33489(26700.28050),cnt:2-amt:0-evts:[],,,None,2022-06-23,https://www.carsales.com.au/cars/details/2017-toyota-corolla-zr-auto/OAG-AD-20735739/
2014-OAG-AD-20823750,dealer,2014 Toyota Corolla Ascent Sport Auto,2014,60833,21990,Tidal Blue,4506,None,20025(14400.15400)-21990(16600.17700),cnt:1-amt:0-evts:[],,,None,2022-06-23,https://www.carsales.com.au/cars/details/2014-toyota-corolla-ascent-sport-auto/OAG-AD-20823750/
2012-OAG-AD-20821803,dealer,2012 Toyota Corolla Ascent Auto,2012,54254,17990,Silver,4506,None,15020(8200.9000)-17990(10100.10850),cnt:1-amt:0-evts:[],,,None,2022-06-23,https://www.carsales.com.au/cars/details/2012-toyota-corolla-ascent-auto/OAG-AD-20821803/
2013-OAG-AD-20763539,dealer,2013 Toyota Corolla Ascent Sport Auto,2013,123000,17990,Silver Pearl,4157,None,15020(13400.14350)-17990(15600.16700),cnt:1-amt:0-evts:[],,,None,2022-06-23,https://www.carsales.com.au/cars/details/2013-toyota-corolla-ascent-sport-auto/OAG-AD-20763539/
2017-OAG-AD-20814420,dealer,2017 Toyota Corolla Ascent Sport Auto,2017,42606,24888,Silver Pearl,4170,None,20025(19000.20250)-24888(21400.22650),cnt:1-amt:0-evts:[],,,None,2022-06-23,https://www.carsales.com.au/cars/details/2017-toyota-corolla-ascent-sport-auto/OAG-AD-20814420/
2015-OAG-AD-20754255,dealer,2015 Toyota Corolla Ascent Sport Auto,2015,106322,19990,Inferno,4157,6 Months - December 2022,15020(14700.15700)-19990(16800.17950),cnt:1-amt:0-evts:[],,,None,2022-06-23,https://www.carsales.com.au/cars/details/2015-toyota-corolla-ascent-sport-auto/OAG-AD-20754255/
2019-OAG-AD-20741630,dealer,2019 Toyota Corolla Ascent Auto,2019,72078,26990,Wildfire,4178,June 2022,25030(19800.21050)-26990(22100.23400),cnt:1-amt:0-evts:[],,,None,2022-06-23,https://www.carsales.com.au/cars/details/2019-toyota-corolla-ascent-auto/OAG-AD-20741630/
2016-OAG-AD-20642555,dealer,2016 Toyota Corolla Ascent Auto,2016,50772,21990,Silver Ash,4510,None,20025(17500.18700)-21990(19800.21050),cnt:9-amt:0-evts:[],,,None,2022-06-23,https://www.carsales.com.au/cars/details/2016-toyota-corolla-ascent-auto/OAG-AD-20642555/
2019-OAG-AD-20676985,dealer,2019 Toyota Corolla Ascent Sport Hybrid Auto,2019,13478,32958,Glacier White,4106,5 Months - November 2022,30035(24200.25600)-32958(26900.28250),cnt:2-amt:0-evts:[],,,None,2022-06-23,https://www.carsales.com.au/cars/details/2019-toyota-corolla-ascent-sport-hybrid-auto/OAG-AD-20676985/
2017-OAG-AD-20281928,dealer,2017 Toyota Corolla Ascent Auto,2017,104617,18990,Green,4012,None,15020(18300.19500)-18990(20600.21850),cnt:1-amt:0-evts:[],,,None,2022-06-23,https://www.carsales.com.au/cars/details/2017-toyota-corolla-ascent-auto/OAG-AD-20281928/
2017-OAG-AD-20821309,dealer,2017 Toyota Corolla Ascent Auto,2017,46321,23990,Silver Ash,4031,1 Month - July 2022,20025(18200.19350)-23990(20400.21700),cnt:1-amt:0-evts:[],,,None,2022-06-23,https://www.carsales.com.au/cars/details/2017-toyota-corolla-ascent-auto/OAG-AD-20821309/
2015-OAG-AD-20813060,dealer,2015 Toyota Corolla ZR Auto,2015,15697,24999,Silver Ash,4102,6 Months - December 2022,20025(18600.19750)-24999(21100.22350),cnt:1-amt:0-evts:[],,,None,2022-06-23,https://www.carsales.com.au/cars/details/2015-toyota-corolla-zr-auto/OAG-AD-20813060/
2015-OAG-AD-20753143,dealer,2015 Toyota Corolla Ascent Auto,2015,142000,18990,Glacier White,4304,1 Month - July 2022,15020(15600.16700)-18990(17800.19000),cnt:1-amt:0-evts:[],,,None,2022-06-23,https://www.carsales.com.au/cars/details/2015-toyota-corolla-ascent-auto/OAG-AD-20753143/
2020-OAG-AD-20697786,dealer,2020 Toyota Corolla Ascent Sport Auto,2020,25362,29990,Glacier White,4304,8 Months - February 2023,25030(24100.25450)-29990(26700.28050),cnt:1-amt:0-evts:[],,,None,2022-06-23,https://www.carsales.com.au/cars/details/2020-toyota-corolla-ascent-sport-auto/OAG-AD-20697786/
2014-OAG-AD-20580080,dealer,2014 Toyota Corolla Levin ZR Auto,2014,133489,21990,Ink,4506,None,20025(17500.18650)-21990(20000.21250),cnt:1-amt:0-evts:[],,,None,2022-06-23,https://www.carsales.com.au/cars/details/2014-toyota-corolla-levin-zr-auto/OAG-AD-20580080/
2017-OAG-AD-20751099,dealer,2017 Toyota Corolla Ascent Sport Auto,2017,47231,25999,Glacier White,4102,5 Months - November 2022,25030(19000.20250)-25999(21400.22650),cnt:6-amt:0-evts:[],,,None,2022-06-23,https://www.carsales.com.au/cars/details/2017-toyota-corolla-ascent-sport-auto/OAG-AD-20751099/
2019-OAG-AD-20780189,dealer,2019 Toyota Corolla Ascent Auto,2019,32597,26950,Silver Ash,4122,5 Months - November 2022,25030(19800.21050)-26950(22100.23400),cnt:1-amt:0-evts:[],,,None,2022-06-23,https://www.carsales.com.au/cars/details/2019-toyota-corolla-ascent-auto/OAG-AD-20780189/
2018-OAG-AD-20780672,dealer,2018 Toyota Corolla Hybrid Auto,2018,48336,29999,Inferno,4032,8 Months - February 2023,25030(24800.26150)-29999(27500.28900),cnt:1-amt:0-evts:[],,,None,2022-06-23,https://www.carsales.com.au/cars/details/2018-toyota-corolla-hybrid-auto/OAG-AD-20780672/
2020-OAG-AD-20773788,dealer,2020 Toyota Corolla Ascent Sport Auto,2020,17820,30990,Feverish Red,4304,June 2022,30035(24300.25700)-30990(26900.28300),cnt:1-amt:0-evts:[],,,None,2022-06-23,https://www.carsales.com.au/cars/details/2020-toyota-corolla-ascent-sport-auto/OAG-AD-20773788/
2012-OAG-AD-20802893,dealer,2012 Toyota Corolla Ascent Auto,2012,137760,14999,Glacier White,4032,4 Months - October 2022,10015(8200.9000)-14999(10100.10850),cnt:1-amt:0-evts:[],,,None,2022-06-23,https://www.carsales.com.au/cars/details/2012-toyota-corolla-ascent-auto/OAG-AD-20802893/
2018-OAG-AD-20819451,dealer,2018 Toyota Corolla Ascent Sport Auto,2018,51238,25999,Glacier White,4102,6 Months - December 2022,25030(21300.22550)-25999(23700.25050),cnt:1-amt:0-evts:[],,,None,2022-06-23,https://www.carsales.com.au/cars/details/2018-toyota-corolla-ascent-sport-auto/OAG-AD-20819451/
2020-OAG-AD-20812919,dealer,2020 Toyota Corolla Ascent Sport Hybrid Auto,2020,14994,34990,Glacier White,4304,6 Months - December 2022,30035(26700.28100)-34990(29300.30850),cnt:1-amt:0-evts:[],,,None,2022-06-23,https://www.carsales.com.au/cars/details/2020-toyota-corolla-ascent-sport-hybrid-auto/OAG-AD-20812919/
2017-OAG-AD-20826325,dealer,2017 Toyota Corolla Ascent Sport Auto,2017,80952,24494,Wildfire,4031,2 Months - August 2022,20025(19000.20250)-24494(21400.22650),cnt:1-amt:0-evts:[],,,None,2022-06-23,https://www.carsales.com.au/cars/details/2017-toyota-corolla-ascent-sport-auto/OAG-AD-20826325/
2016-OAG-AD-20367144,dealer,2016 Toyota Corolla Ascent Auto,2016,103836,24990,Glacier White,4304,February 2022,20025(16500.17650)-24990(18700.19950),cnt:1-amt:0-evts:[],,,None,2022-06-23,https://www.carsales.com.au/cars/details/2016-toyota-corolla-ascent-auto/OAG-AD-20367144/
2019-OAG-AD-20780190,dealer,2019 Toyota Corolla Ascent Auto,2019,27502,26950,Silver Ash,4122,5 Months - November 2022,25030(19800.21050)-26950(22100.23400),cnt:1-amt:0-evts:[],,,None,2022-06-23,https://www.carsales.com.au/cars/details/2019-toyota-corolla-ascent-auto/OAG-AD-20780190/
2016-OAG-AD-20832130,dealer,2016 Toyota Corolla SX Auto,2016,109281,22990,Blue Mist,4304,3 Months - September 2022,20025(18100.19300)-22990(20500.21750),cnt:1-amt:0-evts:[],,,None,2022-06-23,https://www.carsales.com.au/cars/details/2016-toyota-corolla-sx-auto/OAG-AD-20832130/
2012-OAG-AD-20799636,dealer,2012 Toyota Corolla Ascent Auto,2012,114020,11999,Graphite,4021,None,10015(8200.9000)-11999(10100.10850),cnt:2-amt:0-evts:[],,,None,2022-06-23,https://www.carsales.com.au/cars/details/2012-toyota-corolla-ascent-auto/OAG-AD-20799636/
2020-OAG-AD-20664108,dealer,2020 Toyota Corolla Ascent Sport Auto,2020,26751,29000,Silver Pearl,4304,3 Months - September 2022,25030(24300.25700)-29000(26900.28300),cnt:1-amt:0-evts:[],,,None,2022-06-23,https://www.carsales.com.au/cars/details/2020-toyota-corolla-ascent-sport-auto/OAG-AD-20664108/
2015-OAG-AD-20610602,dealer,2015 Toyota Corolla ZR Auto,2015,91891,24999,Blue Gem,4032,3 Months - September 2022,20025(20000.21200)-24999(22600.23900),cnt:1-amt:0-evts:[],,,None,2022-06-23,https://www.carsales.com.au/cars/details/2015-toyota-corolla-zr-auto/OAG-AD-20610602/
2019-OAG-AD-20819990,dealer,2019 Toyota Corolla SX Auto,2019,8701,32989,Silver Pearl,4118,1 Month - July 2022,30035(26300.27650)-32989(29000.30450),cnt:1-amt:0-evts:[],,,None,2022-06-23,https://www.carsales.com.au/cars/details/2019-toyota-corolla-sx-auto/OAG-AD-20819990/
2020-OAG-AD-20705624,dealer,2020 Toyota Corolla Ascent Sport Auto,2020,15792,30990,Celestite Grey,4304,None,30035(24100.25450)-30990(26700.28050),cnt:1-amt:0-evts:[],,,None,2022-06-23,https://www.carsales.com.au/cars/details/2020-toyota-corolla-ascent-sport-auto/OAG-AD-20705624/
2020-OAG-AD-20780444,dealer,2020 Toyota Corolla Ascent Sport Auto,2020,13839,30990,Glacier White,4304,None,30035(24100.25450)-30990(26700.28050),cnt:1-amt:0-evts:[],,,None,2022-06-23,https://www.carsales.com.au/cars/details/2020-toyota-corolla-ascent-sport-auto/OAG-AD-20780444/
2019-OAG-AD-20822650,dealer,2019 Toyota Corolla Ascent Sport Hybrid Auto,2019,53745,30950,Volcanic Red,4122,1 Month - July 2022,30035(24200.25600)-30950(26900.28250),cnt:1-amt:0-evts:[],,,None,2022-06-23,https://www.carsales.com.au/cars/details/2019-toyota-corolla-ascent-sport-hybrid-auto/OAG-AD-20822650/
2015-OAG-AD-20843942,dealer,2015 Toyota Corolla Levin ZR Auto,2015,68841,24990,Ink,4009,None,20025(18200.19350)-24990(20600.21900),cnt:1-amt:0-evts:[],,,None,2022-06-23,https://www.carsales.com.au/cars/details/2015-toyota-corolla-levin-zr-auto/OAG-AD-20843942/
2020-OAG-AD-20681565,dealer,2020 Toyota Corolla Ascent Sport Auto,2020,25950,29990,Celestite Grey,4304,June 2022,25030(24100.25450)-29990(26700.28050),cnt:1-amt:0-evts:[],,,None,2022-06-23,https://www.carsales.com.au/cars/details/2020-toyota-corolla-ascent-sport-auto/OAG-AD-20681565/
2017-OAG-AD-20845390,dealer,2017 Toyota Corolla Ascent Auto,2017,38372,25894,Glacier White,4068,6 Months - December 2022,25030(18200.19350)-25894(20400.21700),cnt:1-amt:0-evts:[],,,None,2022-06-23,https://www.carsales.com.au/cars/details/2017-toyota-corolla-ascent-auto/OAG-AD-20845390/
2018-OAG-AD-20745847,dealer,2018 Toyota Corolla Ascent Auto,2018,52117,24490,Glacier White,4010,5 Months - November 2022,20025(19100.20350)-24490(21400.22700),cnt:2-amt:0-evts:[],,,None,2022-06-23,https://www.carsales.com.au/cars/details/2018-toyota-corolla-ascent-auto/OAG-AD-20745847/
2011-OAG-AD-20764545,dealer,2011 Toyota Corolla Ascent Auto MY11,2011,134000,13500,Graphite,4074,June 2022,10015(6800.7500)-13500(8500.9200),cnt:1-amt:0-evts:[],,,None,2022-06-23,https://www.carsales.com.au/cars/details/2011-toyota-corolla-ascent-auto-my11/OAG-AD-20764545/
2020-OAG-AD-20674753,dealer,2020 Toyota Corolla Ascent Sport Auto,2020,19552,29990,Silver Pearl,4304,6 Months - December 2022,25030(24100.25450)-29990(26700.28050),cnt:1-amt:0-evts:[],,,None,2022-06-23,https://www.carsales.com.au/cars/details/2020-toyota-corolla-ascent-sport-auto/OAG-AD-20674753/
2016-OAG-AD-20704883,dealer,2016 Toyota Corolla Ascent Auto,2016,118218,18970,Wildfire,4011,None,15020(16600.17750)-18970(18800.20050),cnt:1-amt:0-evts:[],,,None,2022-06-23,https://www.carsales.com.au/cars/details/2016-toyota-corolla-ascent-auto/OAG-AD-20704883/
2020-OAG-AD-20036443,dealer,2020 Toyota Corolla Ascent Sport Auto,2020,51790,26990,Glacier White,4304,November 2021,25030(24100.25450)-26990(26700.28050),cnt:2-amt:0-evts:[],,,None,2022-06-23,https://www.carsales.com.au/cars/details/2020-toyota-corolla-ascent-sport-auto/OAG-AD-20036443/
2019-OAG-AD-20812561,dealer,2019 Toyota Corolla Ascent Sport Auto,2019,61359,25490,Silver Pearl,4034,9 Months - March 2023,25030(22400.23750)-25490(24900.26250),cnt:2-amt:0-evts:[],,,None,2022-06-23,https://www.carsales.com.au/cars/details/2019-toyota-corolla-ascent-sport-auto/OAG-AD-20812561/
2017-OAG-AD-20839905,dealer,2017 Toyota Corolla ZR Auto,2017,52061,27040,White,4011,None,25030(23900.25250)-27040(26700.28050),cnt:1-amt:0-evts:[],,,None,2022-06-23,https://www.carsales.com.au/cars/details/2017-toyota-corolla-zr-auto/OAG-AD-20839905/
2017-OAG-AD-20570992,dealer,2017 Toyota Corolla Ascent Auto,2017,78600,20990,Grey,4506,6 Months - December 2022,20025(18200.19350)-20990(20400.21700),cnt:1-amt:0-evts:[],,,None,2022-06-23,https://www.carsales.com.au/cars/details/2017-toyota-corolla-ascent-auto/OAG-AD-20570992/
2019-OAG-AD-20820179,dealer,2019 Toyota Corolla Ascent Sport Auto,2019,17600,27990,Crystal Pearl,4506,5 Months - November 2022,25030(22800.24100)-27990(25300.26650),cnt:1-amt:0-evts:[],,,None,2022-06-23,https://www.carsales.com.au/cars/details/2019-toyota-corolla-ascent-sport-auto/OAG-AD-20820179/
2019-OAG-AD-20831068,dealer,2019 Toyota Corolla Ascent Sport Hybrid Auto,2019,61760,29995,White,4034,3 Months - September 2022,25030(24200.25600)-29995(26900.28250),cnt:1-amt:0-evts:[],,,None,2022-06-23,https://www.carsales.com.au/cars/details/2019-toyota-corolla-ascent-sport-hybrid-auto/OAG-AD-20831068/
2020-OAG-AD-20654555,dealer,2020 Toyota Corolla Ascent Sport Hybrid Auto,2020,16110,34999,Frosted White,4032,None,30035(26700.28100)-34999(29300.30850),cnt:1-amt:0-evts:[],,,None,2022-06-23,https://www.carsales.com.au/cars/details/2020-toyota-corolla-ascent-sport-hybrid-auto/OAG-AD-20654555/
