name,year,odokm,price,grade,drive,owner,url,date
2005 Toyota Kluger CV Auto AWD MY06,2005,234484,8500,1,AWD,private,https://www.carsales.com.au/cars/details/2005-toyota-kluger-cv-auto-awd-my06/SSE-AD-12777779/,2022-06-03 21:52:03.293199
2006 Toyota Kluger Grande Auto AWD MY06,2006,156500,9990,3,AWD,private,https://www.carsales.com.au/cars/details/2006-toyota-kluger-grande-auto-awd-my06/SSE-AD-12604650/,2022-06-03 21:52:03.293199
2006 Toyota Kluger CV Auto AWD MY06,2006,226500,9500,1,AWD,private,https://www.carsales.com.au/cars/details/2006-toyota-kluger-cv-auto-awd-my06/SSE-AD-12836476/,2022-06-03 21:52:03.293199
2007 Toyota Kluger KX-R Auto AWD,2007,235715,12999,1,AWD,dealer,https://www.carsales.com.au/cars/details/2007-toyota-kluger-kx-r-auto-awd/OAG-AD-20708137/,2022-06-03 21:52:03.293199
2007 Toyota Kluger KX-R Auto AWD,2007,287070,16500,1,AWD,private,https://www.carsales.com.au/cars/details/2007-toyota-kluger-kx-r-auto-awd/SSE-AD-12789272/,2022-06-03 21:52:03.293199
2008 Toyota Kluger Grande Auto 2WD,2008,392434,12000,3,2WD,private,https://www.carsales.com.au/cars/details/2008-toyota-kluger-grande-auto-2wd/SSE-AD-12862287/,2022-06-03 21:52:03.293199
2008 Toyota Kluger KX-S Auto 2WD,2008,245500,15990,2,2WD,dealer,https://www.carsales.com.au/cars/details/2008-toyota-kluger-kx-s-auto-2wd/OAG-AD-20730053/,2022-06-03 21:52:03.293199
2008 Toyota Kluger KX-S Auto AWD,2008,277651,12500,2,AWD,private,https://www.carsales.com.au/cars/details/2008-toyota-kluger-kx-s-auto-awd/SSE-AD-12206401/,2022-06-03 21:52:03.293199
2008 Toyota Kluger KX-R Auto AWD,2008,137104,22990,1,AWD,dealer,https://www.carsales.com.au/cars/details/2008-toyota-kluger-kx-r-auto-awd/OAG-AD-20652674/,2022-06-03 21:52:03.293199
2008 Toyota Kluger KX-R Auto 2WD,2008,170411,15900,1,2WD,private,https://www.carsales.com.au/cars/details/2008-toyota-kluger-kx-r-auto-2wd/SSE-AD-12654588/,2022-06-03 21:52:03.293199
2008 Toyota Kluger KX-R Auto AWD,2008,219000,13500,1,AWD,private,https://www.carsales.com.au/cars/details/2008-toyota-kluger-kx-r-auto-awd/SSE-AD-12413725/,2022-06-03 21:52:03.293199
2008 Toyota Kluger KX-S Auto 2WD,2008,165500,16500,2,2WD,private,https://www.carsales.com.au/cars/details/2008-toyota-kluger-kx-s-auto-2wd/SSE-AD-12858158/,2022-06-03 21:52:03.293199
2008 Toyota Kluger Grande Auto AWD,2008,265000,16995,3,AWD,private,https://www.carsales.com.au/cars/details/2008-toyota-kluger-grande-auto-awd/SSE-AD-7435356/,2022-06-03 21:52:03.293199
2009 Toyota Kluger KX-R Auto AWD,2009,134872,19990,1,AWD,dealer,https://www.carsales.com.au/cars/details/2009-toyota-kluger-kx-r-auto-awd/OAG-AD-20785818/,2022-06-03 21:52:03.293199
2009 Toyota Kluger Grande Auto AWD,2009,168735,19999,3,AWD,dealer,https://www.carsales.com.au/cars/details/2009-toyota-kluger-grande-auto-awd/OAG-AD-20663918/,2022-06-03 21:52:03.293199
2009 Toyota Kluger Altitude Auto AWD,2009,167308,18990,1,AWD,dealer,https://www.carsales.com.au/cars/details/2009-toyota-kluger-altitude-auto-awd/OAG-AD-20766268/,2022-06-03 21:52:03.293199
2009 Toyota Kluger KX-R Auto 2WD,2009,242000,10500,1,2WD,private,https://www.carsales.com.au/cars/details/2009-toyota-kluger-kx-r-auto-2wd/SSE-AD-12697692/,2022-06-03 21:52:03.293199
2010 Toyota Kluger KX-R Auto AWD MY11,2010,204300,18000,1,AWD,private,https://www.carsales.com.au/cars/details/2010-toyota-kluger-kx-r-auto-awd-my11/SSE-AD-7235522/,2022-06-03 21:52:03.293199
2010 Toyota Kluger KX-R Auto 2WD,2010,183000,16500,1,2WD,private,https://www.carsales.com.au/cars/details/2010-toyota-kluger-kx-r-auto-2wd/SSE-AD-4583122/,2022-06-03 21:52:03.293199
2010 Toyota Kluger KX-S Auto 2WD,2010,185000,25999,2,2WD,private,https://www.carsales.com.au/cars/details/2010-toyota-kluger-kx-s-auto-2wd/SSE-AD-3608521/,2022-06-03 21:52:03.293199
2010 Toyota Kluger KX-S Auto 2WD MY11,2010,223668,18999,2,2WD,dealer,https://www.carsales.com.au/cars/details/2010-toyota-kluger-kx-s-auto-2wd-my11/OAG-AD-20781016/,2022-06-03 21:52:03.293199
2010 Toyota Kluger Altitude Auto AWD,2010,141329,19999,1,AWD,dealer,https://www.carsales.com.au/cars/details/2010-toyota-kluger-altitude-auto-awd/OAG-AD-20760585/,2022-06-03 21:52:03.293199
2010 Toyota Kluger Grande Auto AWD,2010,172664,18500,3,AWD,private,https://www.carsales.com.au/cars/details/2010-toyota-kluger-grande-auto-awd/SSE-AD-12673604/,2022-06-03 21:52:03.293199
2010 Toyota Kluger Grande Auto 2WD,2010,190418,19487,3,2WD,dealer,https://www.carsales.com.au/cars/details/2010-toyota-kluger-grande-auto-2wd/OAG-AD-20792720/,2022-06-03 21:52:03.293199
2010 Toyota Kluger KX-R Auto 2WD,2010,168744,16969,1,2WD,dealer,https://www.carsales.com.au/cars/details/2010-toyota-kluger-kx-r-auto-2wd/OAG-AD-20751412/,2022-06-03 21:52:03.293199
2010 Toyota Kluger KX-R Auto AWD MY11,2010,205000,15500,1,AWD,private,https://www.carsales.com.au/cars/details/2010-toyota-kluger-kx-r-auto-awd-my11/SSE-AD-12512572/,2022-06-03 21:52:03.293199
2010 Toyota Kluger KX-S Auto 2WD MY11,2010,214000,16500,2,2WD,private,https://www.carsales.com.au/cars/details/2010-toyota-kluger-kx-s-auto-2wd-my11/SSE-AD-12878372/,2022-06-03 21:52:03.293199
2010 Toyota Kluger KX-R Auto 2WD,2010,180319,17990,1,2WD,private,https://www.carsales.com.au/cars/details/2010-toyota-kluger-kx-r-auto-2wd/OAG-AD-20654630/,2022-06-03 21:52:03.293199
2011 Toyota Kluger KX-S Auto 2WD MY11,2011,149000,23000,2,2WD,private,https://www.carsales.com.au/cars/details/2011-toyota-kluger-kx-s-auto-2wd-my11/SSE-AD-7378921/,2022-06-03 21:52:03.293199
2011 Toyota Kluger KX-R Auto 2WD MY11,2011,138900,19995,1,2WD,dealer,https://www.carsales.com.au/cars/details/2011-toyota-kluger-kx-r-auto-2wd-my11/OAG-AD-20795694/,2022-06-03 21:52:03.293199
2011 Toyota Kluger KX-R Auto AWD MY11,2011,212216,19500,1,AWD,private,https://www.carsales.com.au/cars/details/2011-toyota-kluger-kx-r-auto-awd-my11/SSE-AD-12903815/,2022-06-03 21:52:03.293199
2011 Toyota Kluger KX-R Auto 2WD MY11,2011,198000,15990,1,2WD,private,https://www.carsales.com.au/cars/details/2011-toyota-kluger-kx-r-auto-2wd-my11/SSE-AD-12582616/,2022-06-03 21:52:03.293199
2011 Toyota Kluger Grande Auto 2WD MY11,2011,257103,19960,3,2WD,private,https://www.carsales.com.au/cars/details/2011-toyota-kluger-grande-auto-2wd-my11/SSE-AD-12698615/,2022-06-03 21:52:03.293199
2011 Toyota Kluger KX-S Auto AWD MY11,2011,192440,19900,2,AWD,private,https://www.carsales.com.au/cars/details/2011-toyota-kluger-kx-s-auto-awd-my11/SSE-AD-12799640/,2022-06-03 21:52:03.293199
2011 Toyota Kluger KX-R Auto 2WD MY11,2011,204000,18000,1,2WD,private,https://www.carsales.com.au/cars/details/2011-toyota-kluger-kx-r-auto-2wd-my11/SSE-AD-12840807/,2022-06-03 21:52:03.293199
2011 Toyota Kluger KX-R Auto 2WD MY11,2011,124905,18990,1,2WD,dealer,https://www.carsales.com.au/cars/details/2011-toyota-kluger-kx-r-auto-2wd-my11/OAG-AD-20732060/,2022-06-03 21:52:03.293199
2011 Toyota Kluger KX-R Auto 2WD MY11,2011,262661,13900,1,2WD,private,https://www.carsales.com.au/cars/details/2011-toyota-kluger-kx-r-auto-2wd-my11/SSE-AD-12567444/,2022-06-03 21:52:03.293199
2011 Toyota Kluger KX-R Auto AWD MY11,2011,225000,14900,1,AWD,private,https://www.carsales.com.au/cars/details/2011-toyota-kluger-kx-r-auto-awd-my11/SSE-AD-12878638/,2022-06-03 21:52:03.293199
2012 Toyota Kluger Grande Auto 2WD MY12,2012,76654,32990,3,2WD,dealer,https://www.carsales.com.au/cars/details/2012-toyota-kluger-grande-auto-2wd-my12/OAG-AD-20695130/,2022-06-03 21:52:03.293199
2012 Toyota Kluger KX-R Auto 2WD MY12,2012,217033,13990,1,2WD,dealer,https://www.carsales.com.au/cars/details/2012-toyota-kluger-kx-r-auto-2wd-my12/OAG-AD-20712815/,2022-06-03 21:52:03.293199
2012 Toyota Kluger KX-S Auto AWD MY12,2012,184286,20990,2,AWD,private,https://www.carsales.com.au/cars/details/2012-toyota-kluger-kx-s-auto-awd-my12/SSE-AD-7316506/,2022-06-03 21:52:03.293199
2012 Toyota Kluger KX-R Auto AWD MY12,2012,287650,13999,1,AWD,dealer,https://www.carsales.com.au/cars/details/2012-toyota-kluger-kx-r-auto-awd-my12/OAG-AD-20738361/,2022-06-03 21:52:03.293199
2012 Toyota Kluger Altitude Auto AWD MY12,2012,118090,26990,1,AWD,dealer,https://www.carsales.com.au/cars/details/2012-toyota-kluger-altitude-auto-awd-my12/OAG-AD-20369733/,2022-06-03 21:52:03.293199
2012 Toyota Kluger KX-R Auto AWD MY12,2012,180500,23500,1,AWD,private,https://www.carsales.com.au/cars/details/2012-toyota-kluger-kx-r-auto-awd-my12/SSE-AD-12898169/,2022-06-03 21:52:03.293199
2012 Toyota Kluger KX-R Auto 2WD MY12,2012,145000,19000,1,2WD,private,https://www.carsales.com.au/cars/details/2012-toyota-kluger-kx-r-auto-2wd-my12/SSE-AD-12838193/,2022-06-03 21:52:03.293199
2012 Toyota Kluger KX-S Auto AWD MY12,2012,204000,21000,2,AWD,private,https://www.carsales.com.au/cars/details/2012-toyota-kluger-kx-s-auto-awd-my12/SSE-AD-12573085/,2022-06-03 21:52:03.293199
2012 Toyota Kluger KX-R Auto AWD MY12,2012,202000,18990,1,AWD,private,https://www.carsales.com.au/cars/details/2012-toyota-kluger-kx-r-auto-awd-my12/SSE-AD-12788470/,2022-06-03 21:52:03.293199
2012 Toyota Kluger KX-R Auto 2WD MY12,2012,117000,18200,1,2WD,private,https://www.carsales.com.au/cars/details/2012-toyota-kluger-kx-r-auto-2wd-my12/SSE-AD-6632050/,2022-06-03 21:52:03.293199
2013 Toyota Kluger KX-R Auto AWD,2013,99000,26000,1,AWD,private,https://www.carsales.com.au/cars/details/2013-toyota-kluger-kx-r-auto-awd/SSE-AD-12854581/,2022-06-03 21:52:03.293199
2013 Toyota Kluger KX-S Auto AWD,2013,80153,32990,2,AWD,dealer,https://www.carsales.com.au/cars/details/2013-toyota-kluger-kx-s-auto-awd/OAG-AD-20756270/,2022-06-03 21:52:03.293199
2013 Toyota Kluger Grande Auto 2WD,2013,139000,31000,3,2WD,private,https://www.carsales.com.au/cars/details/2013-toyota-kluger-grande-auto-2wd/SSE-AD-12916200/,2022-06-03 21:52:03.293199
2013 Toyota Kluger Grande Auto AWD,2013,98630,31000,3,AWD,private,https://www.carsales.com.au/cars/details/2013-toyota-kluger-grande-auto-awd/SSE-AD-7279042/,2022-06-03 21:52:03.293199
2013 Toyota Kluger Grande Auto 2WD,2013,229000,19800,3,2WD,private,https://www.carsales.com.au/cars/details/2013-toyota-kluger-grande-auto-2wd/SSE-AD-12711263/,2022-06-03 21:52:03.293199
2013 Toyota Kluger Grande Auto 2WD,2013,216500,24500,3,2WD,private,https://www.carsales.com.au/cars/details/2013-toyota-kluger-grande-auto-2wd/SSE-AD-12346899/,2022-06-03 21:52:03.293199
2013 Toyota Kluger KX-S Auto AWD,2013,175739,24900,2,AWD,dealer,https://www.carsales.com.au/cars/details/2013-toyota-kluger-kx-s-auto-awd/OAG-AD-20775191/,2022-06-03 21:52:03.293199
2013 Toyota Kluger KX-R Auto 2WD,2013,165163,17000,1,2WD,private,https://www.carsales.com.au/cars/details/2013-toyota-kluger-kx-r-auto-2wd/SSE-AD-12038218/,2022-06-03 21:52:03.293199
2013 Toyota Kluger Altitude Auto 2WD,2013,188284,25990,1,2WD,private,https://www.carsales.com.au/cars/details/2013-toyota-kluger-altitude-auto-2wd/OAG-AD-20795777/,2022-06-03 21:52:03.293199
2014 Toyota Kluger GX Auto 2WD,2014,229338,18990,1,2WD,dealer,https://www.carsales.com.au/cars/details/2014-toyota-kluger-gx-auto-2wd/OAG-AD-20718427/,2022-06-03 21:52:03.293199
2014 Toyota Kluger Grande Auto AWD,2014,119500,35990,3,AWD,dealer,https://www.carsales.com.au/cars/details/2014-toyota-kluger-grande-auto-awd/OAG-AD-20768266/,2022-06-03 21:52:03.293199
2014 Toyota Kluger Grande Auto AWD,2014,107469,37990,3,AWD,dealer,https://www.carsales.com.au/cars/details/2014-toyota-kluger-grande-auto-awd/OAG-AD-20627310/,2022-06-03 21:52:03.293199
2014 Toyota Kluger GX Auto 2WD,2014,142000,26990,1,2WD,private,https://www.carsales.com.au/cars/details/2014-toyota-kluger-gx-auto-2wd/SSE-AD-12499524/,2022-06-03 21:52:03.293199
2014 Toyota Kluger Grande Auto 2WD,2014,68669,42750,3,2WD,dealer,https://www.carsales.com.au/cars/details/2014-toyota-kluger-grande-auto-2wd/OAG-AD-20669024/,2022-06-03 21:52:03.293199
2014 Toyota Kluger GXL Auto 2WD,2014,139688,32490,2,2WD,dealer,https://www.carsales.com.au/cars/details/2014-toyota-kluger-gxl-auto-2wd/OAG-AD-20729806/,2022-06-03 21:52:03.293199
2014 Toyota Kluger GXL Auto 2WD,2014,175000,26990,2,2WD,private,https://www.carsales.com.au/cars/details/2014-toyota-kluger-gxl-auto-2wd/SSE-AD-5497502/,2022-06-03 21:52:03.293199
2014 Toyota Kluger GX Auto 2WD,2014,99000,28990,1,2WD,private,https://www.carsales.com.au/cars/details/2014-toyota-kluger-gx-auto-2wd/SSE-AD-12462680/,2022-06-03 21:52:03.293199
2014 Toyota Kluger Grande Auto AWD,2014,101900,37500,3,AWD,private,https://www.carsales.com.au/cars/details/2014-toyota-kluger-grande-auto-awd/SSE-AD-12752087/,2022-06-03 21:52:03.293199
2014 Toyota Kluger GX Auto AWD,2014,86058,33990,1,AWD,dealer,https://www.carsales.com.au/cars/details/2014-toyota-kluger-gx-auto-awd/OAG-AD-20608208/,2022-06-03 21:52:03.293199
2014 Toyota Kluger Grande Auto AWD,2014,93783,42990,3,AWD,dealer,https://www.carsales.com.au/cars/details/2014-toyota-kluger-grande-auto-awd/OAG-AD-20684158/,2022-06-03 21:52:03.293199
2014 Toyota Kluger GXL Auto AWD,2014,219634,23990,2,AWD,dealer,https://www.carsales.com.au/cars/details/2014-toyota-kluger-gxl-auto-awd/OAG-AD-20639123/,2022-06-03 21:52:03.293199
2014 Toyota Kluger GX Auto 2WD,2014,141060,27888,1,2WD,dealer,https://www.carsales.com.au/cars/details/2014-toyota-kluger-gx-auto-2wd/OAG-AD-20417992/,2022-06-03 21:52:03.293199
2014 Toyota Kluger GX Auto AWD,2014,89562,34850,1,AWD,dealer,https://www.carsales.com.au/cars/details/2014-toyota-kluger-gx-auto-awd/OAG-AD-20786769/,2022-06-03 21:52:03.293199
2014 Toyota Kluger Grande Auto 2WD,2014,225914,28990,3,2WD,dealer,https://www.carsales.com.au/cars/details/2014-toyota-kluger-grande-auto-2wd/OAG-AD-20777494/,2022-06-03 21:52:03.293199
2014 Toyota Kluger GX Auto 2WD,2014,166521,29990,1,2WD,dealer,https://www.carsales.com.au/cars/details/2014-toyota-kluger-gx-auto-2wd/OAG-AD-20756010/,2022-06-03 21:52:03.293199
2014 Toyota Kluger Grande Auto AWD,2014,79806,39990,3,AWD,dealer,https://www.carsales.com.au/cars/details/2014-toyota-kluger-grande-auto-awd/OAG-AD-20648965/,2022-06-03 21:52:03.293199
2014 Toyota Kluger Grande Auto 2WD,2014,111318,38990,3,2WD,dealer,https://www.carsales.com.au/cars/details/2014-toyota-kluger-grande-auto-2wd/OAG-AD-20778138/,2022-06-03 21:52:03.293199
2014 Toyota Kluger GX Auto AWD,2014,147119,29990,1,AWD,dealer,https://www.carsales.com.au/cars/details/2014-toyota-kluger-gx-auto-awd/OAG-AD-19792282/,2022-06-03 21:52:03.293199
2014 Toyota Kluger GX Auto AWD,2014,90275,31500,1,AWD,private,https://www.carsales.com.au/cars/details/2014-toyota-kluger-gx-auto-awd/SSE-AD-12621245/,2022-06-03 21:52:03.293199
2014 Toyota Kluger GX Auto AWD,2014,319000,21500,1,AWD,private,https://www.carsales.com.au/cars/details/2014-toyota-kluger-gx-auto-awd/SSE-AD-7179361/,2022-06-03 21:52:03.293199
2014 Toyota Kluger GXL Auto 2WD,2014,143483,29990,2,2WD,dealer,https://www.carsales.com.au/cars/details/2014-toyota-kluger-gxl-auto-2wd/OAG-AD-20693025/,2022-06-03 21:52:03.293199
2014 Toyota Kluger Grande Auto AWD,2014,105201,38990,3,AWD,dealer,https://www.carsales.com.au/cars/details/2014-toyota-kluger-grande-auto-awd/OAG-AD-20703316/,2022-06-03 21:52:03.293199
2014 Toyota Kluger GX Auto 2WD,2014,134568,30488,1,2WD,dealer,https://www.carsales.com.au/cars/details/2014-toyota-kluger-gx-auto-2wd/OAG-AD-20695501/,2022-06-03 21:52:03.293199
2014 Toyota Kluger Grande Auto 2WD,2014,71243,39500,3,2WD,private,https://www.carsales.com.au/cars/details/2014-toyota-kluger-grande-auto-2wd/SSE-AD-12059000/,2022-06-03 21:52:03.293199
2014 Toyota Kluger GXL Auto 2WD,2014,147000,28000,2,2WD,private,https://www.carsales.com.au/cars/details/2014-toyota-kluger-gxl-auto-2wd/SSE-AD-12403108/,2022-06-03 21:52:03.293199
2015 Toyota Kluger Grande Auto 2WD,2015,74002,40190,3,2WD,dealer,https://www.carsales.com.au/cars/details/2015-toyota-kluger-grande-auto-2wd/OAG-AD-20354855/,2022-06-03 21:52:03.293199
2015 Toyota Kluger GX Auto 2WD,2015,89881,34190,1,2WD,dealer,https://www.carsales.com.au/cars/details/2015-toyota-kluger-gx-auto-2wd/OAG-AD-20740556/,2022-06-03 21:52:03.293199
2015 Toyota Kluger GX Auto 2WD,2015,66000,39990,1,2WD,private,https://www.carsales.com.au/cars/details/2015-toyota-kluger-gx-auto-2wd/SSE-AD-12924600/,2022-06-03 21:52:03.293199
2015 Toyota Kluger GXL Auto 2WD,2015,165817,28990,2,2WD,dealer,https://www.carsales.com.au/cars/details/2015-toyota-kluger-gxl-auto-2wd/OAG-AD-20489658/,2022-06-03 21:52:03.293199
2015 Toyota Kluger GX Auto AWD,2015,207962,27990,1,AWD,dealer,https://www.carsales.com.au/cars/details/2015-toyota-kluger-gx-auto-awd/OAG-AD-20742125/,2022-06-03 21:52:03.293199
2015 Toyota Kluger GXL Auto AWD,2015,150381,32888,2,AWD,dealer,https://www.carsales.com.au/cars/details/2015-toyota-kluger-gxl-auto-awd/OAG-AD-20572168/,2022-06-03 21:52:03.293199
2015 Toyota Kluger GXL Auto 2WD,2015,174065,31888,2,2WD,dealer,https://www.carsales.com.au/cars/details/2015-toyota-kluger-gxl-auto-2wd/OAG-AD-20679600/,2022-06-03 21:52:03.293199
2015 Toyota Kluger GXL Auto AWD,2015,143215,33750,2,AWD,private,https://www.carsales.com.au/cars/details/2015-toyota-kluger-gxl-auto-awd/SSE-AD-12915870/,2022-06-03 21:52:03.293199
2015 Toyota Kluger GX Auto 2WD,2015,143000,27995,1,2WD,private,https://www.carsales.com.au/cars/details/2015-toyota-kluger-gx-auto-2wd/SSE-AD-12720105/,2022-06-03 21:52:03.293199
2015 Toyota Kluger Grande Auto AWD,2015,84894,41490,3,AWD,dealer,https://www.carsales.com.au/cars/details/2015-toyota-kluger-grande-auto-awd/OAG-AD-20485351/,2022-06-03 21:52:03.293199
2015 Toyota Kluger GXL Auto 2WD,2015,187250,26990,2,2WD,dealer,https://www.carsales.com.au/cars/details/2015-toyota-kluger-gxl-auto-2wd/OAG-AD-20782589/,2022-06-03 21:52:03.293199
2015 Toyota Kluger GXL Auto AWD,2015,97266,36990,2,AWD,dealer,https://www.carsales.com.au/cars/details/2015-toyota-kluger-gxl-auto-awd/OAG-AD-20449072/,2022-06-03 21:52:03.293199
2015 Toyota Kluger GX Auto 2WD,2015,141165,29990,1,2WD,private,https://www.carsales.com.au/cars/details/2015-toyota-kluger-gx-auto-2wd/SSE-AD-12478140/,2022-06-03 21:52:03.293199
2015 Toyota Kluger GXL Auto 2WD,2015,79932,36990,2,2WD,dealer,https://www.carsales.com.au/cars/details/2015-toyota-kluger-gxl-auto-2wd/OAG-AD-20610161/,2022-06-03 21:52:03.293199
2015 Toyota Kluger GX Auto 2WD,2015,163014,30000,1,2WD,dealer,https://www.carsales.com.au/cars/details/2015-toyota-kluger-gx-auto-2wd/OAG-AD-20433270/,2022-06-03 21:52:03.293199
2015 Toyota Kluger GX Auto AWD,2015,133505,31990,1,AWD,dealer,https://www.carsales.com.au/cars/details/2015-toyota-kluger-gx-auto-awd/OAG-AD-20777070/,2022-06-03 21:52:03.293199
2015 Toyota Kluger GX Auto 2WD,2015,186361,25990,1,2WD,dealer,https://www.carsales.com.au/cars/details/2015-toyota-kluger-gx-auto-2wd/OAG-AD-20691046/,2022-06-03 21:52:03.293199
2015 Toyota Kluger GXL Auto 2WD,2015,107179,35000,2,2WD,private,https://www.carsales.com.au/cars/details/2015-toyota-kluger-gxl-auto-2wd/SSE-AD-12652714/,2022-06-03 21:52:03.293199
2015 Toyota Kluger GX Auto 2WD,2015,146233,29746,1,2WD,dealer,https://www.carsales.com.au/cars/details/2015-toyota-kluger-gx-auto-2wd/OAG-AD-20753419/,2022-06-03 21:52:03.293199
2015 Toyota Kluger GX Auto 2WD,2015,99414,32990,1,2WD,private,https://www.carsales.com.au/cars/details/2015-toyota-kluger-gx-auto-2wd/OAG-AD-20760681/,2022-06-03 21:52:03.293199
2015 Toyota Kluger GX Auto AWD,2015,150000,27990,1,AWD,private,https://www.carsales.com.au/cars/details/2015-toyota-kluger-gx-auto-awd/SSE-AD-7446790/,2022-06-03 21:52:03.293199
2016 Toyota Kluger GXL Auto 2WD,2016,91902,41650,2,2WD,dealer,https://www.carsales.com.au/cars/details/2016-toyota-kluger-gxl-auto-2wd/OAG-AD-20740735/,2022-06-03 21:52:03.293199
2016 Toyota Kluger GX Auto 2WD,2016,64942,39890,1,2WD,dealer,https://www.carsales.com.au/cars/details/2016-toyota-kluger-gx-auto-2wd/OAG-AD-20514249/,2022-06-03 21:52:03.293199
2016 Toyota Kluger GX Auto AWD,2016,64137,38390,1,AWD,dealer,https://www.carsales.com.au/cars/details/2016-toyota-kluger-gx-auto-awd/OAG-AD-20689841/,2022-06-03 21:52:03.293199
2016 Toyota Kluger GX Auto 2WD,2016,55499,41390,1,2WD,dealer,https://www.carsales.com.au/cars/details/2016-toyota-kluger-gx-auto-2wd/OAG-AD-20696326/,2022-06-03 21:52:03.293199
2016 Toyota Kluger GX Auto 2WD,2016,66918,37888,1,2WD,dealer,https://www.carsales.com.au/cars/details/2016-toyota-kluger-gx-auto-2wd/OAG-AD-20587443/,2022-06-03 21:52:03.293199
2016 Toyota Kluger Grande Auto AWD,2016,125000,41250,3,AWD,private,https://www.carsales.com.au/cars/details/2016-toyota-kluger-grande-auto-awd/SSE-AD-12902702/,2022-06-03 21:52:03.293199
2016 Toyota Kluger GXL Auto 2WD,2016,69493,37000,2,2WD,private,https://www.carsales.com.au/cars/details/2016-toyota-kluger-gxl-auto-2wd/SSE-AD-7308137/,2022-06-03 21:52:03.293199
2016 Toyota Kluger GX Auto 2WD,2016,107089,32990,1,2WD,dealer,https://www.carsales.com.au/cars/details/2016-toyota-kluger-gx-auto-2wd/OAG-AD-20515375/,2022-06-03 21:52:03.293199
2016 Toyota Kluger GXL Auto AWD,2016,107144,39895,2,AWD,dealer,https://www.carsales.com.au/cars/details/2016-toyota-kluger-gxl-auto-awd/OAG-AD-20727827/,2022-06-03 21:52:03.293199
2016 Toyota Kluger Grande Auto AWD,2016,78122,44880,3,AWD,dealer,https://www.carsales.com.au/cars/details/2016-toyota-kluger-grande-auto-awd/OAG-AD-20427702/,2022-06-03 21:52:03.293199
2016 Toyota Kluger GX Auto 2WD,2016,98820,33990,1,2WD,dealer,https://www.carsales.com.au/cars/details/2016-toyota-kluger-gx-auto-2wd/OAG-AD-20757604/,2022-06-03 21:52:03.293199
2016 Toyota Kluger GX Auto 2WD,2016,81000,34990,1,2WD,dealer,https://www.carsales.com.au/cars/details/2016-toyota-kluger-gx-auto-2wd/OAG-AD-20653533/,2022-06-03 21:52:03.293199
2016 Toyota Kluger GX Auto AWD,2016,149852,36990,1,AWD,dealer,https://www.carsales.com.au/cars/details/2016-toyota-kluger-gx-auto-awd/OAG-AD-20180043/,2022-06-03 21:52:03.293199
2016 Toyota Kluger Grande Auto AWD,2016,121580,45990,3,AWD,dealer,https://www.carsales.com.au/cars/details/2016-toyota-kluger-grande-auto-awd/OAG-AD-20692461/,2022-06-03 21:52:03.293199
2016 Toyota Kluger Grande Auto AWD,2016,54000,48000,3,AWD,private,https://www.carsales.com.au/cars/details/2016-toyota-kluger-grande-auto-awd/SSE-AD-12447352/,2022-06-03 21:52:03.293199
2016 Toyota Kluger GX Auto 2WD,2016,74500,33000,1,2WD,private,https://www.carsales.com.au/cars/details/2016-toyota-kluger-gx-auto-2wd/SSE-AD-12256872/,2022-06-03 21:52:03.293199
2016 Toyota Kluger GX Auto 2WD,2016,103683,33410,1,2WD,dealer,https://www.carsales.com.au/cars/details/2016-toyota-kluger-gx-auto-2wd/OAG-AD-20590985/,2022-06-03 21:52:03.293199
2016 Toyota Kluger GX Auto 2WD,2016,137000,27000,1,2WD,private,https://www.carsales.com.au/cars/details/2016-toyota-kluger-gx-auto-2wd/SSE-AD-12030628/,2022-06-03 21:52:03.293199
2016 Toyota Kluger GXL Auto 2WD,2016,89000,38000,2,2WD,private,https://www.carsales.com.au/cars/details/2016-toyota-kluger-gxl-auto-2wd/SSE-AD-12177637/,2022-06-03 21:52:03.293199
2016 Toyota Kluger Grande Auto AWD,2016,125000,43000,3,AWD,private,https://www.carsales.com.au/cars/details/2016-toyota-kluger-grande-auto-awd/SSE-AD-12497763/,2022-06-03 21:52:03.293199
2016 Toyota Kluger GX Auto 2WD,2016,203000,31500,1,2WD,private,https://www.carsales.com.au/cars/details/2016-toyota-kluger-gx-auto-2wd/SSE-AD-12360397/,2022-06-03 21:52:03.293199
2017 Toyota Kluger GXL Auto AWD,2017,70834,43490,2,AWD,dealer,https://www.carsales.com.au/cars/details/2017-toyota-kluger-gxl-auto-awd/OAG-AD-20311133/,2022-06-03 21:52:03.293199
2017 Toyota Kluger GX Auto 2WD,2017,70700,36500,1,2WD,private,https://www.carsales.com.au/cars/details/2017-toyota-kluger-gx-auto-2wd/SSE-AD-12860795/,2022-06-03 21:52:03.293199
2017 Toyota Kluger GX Auto 2WD,2017,74000,38990,1,2WD,dealer,https://www.carsales.com.au/cars/details/2017-toyota-kluger-gx-auto-2wd/OAG-AD-20686845/,2022-06-03 21:52:03.293199
2017 Toyota Kluger GX Auto 2WD,2017,70377,37990,1,2WD,dealer,https://www.carsales.com.au/cars/details/2017-toyota-kluger-gx-auto-2wd/OAG-AD-20587614/,2022-06-03 21:52:03.293199
2017 Toyota Kluger GX Auto 2WD,2017,135100,37990,1,2WD,dealer,https://www.carsales.com.au/cars/details/2017-toyota-kluger-gx-auto-2wd/OAG-AD-20749788/,2022-06-03 21:52:03.293199
2017 Toyota Kluger GX Auto 2WD,2017,73153,37990,1,2WD,dealer,https://www.carsales.com.au/cars/details/2017-toyota-kluger-gx-auto-2wd/OAG-AD-20516680/,2022-06-03 21:52:03.293199
2017 Toyota Kluger GX Auto 2WD,2017,130575,36990,1,2WD,dealer,https://www.carsales.com.au/cars/details/2017-toyota-kluger-gx-auto-2wd/OAG-AD-20760661/,2022-06-03 21:52:03.293199
2017 Toyota Kluger GXL Auto 2WD,2017,69480,42990,2,2WD,dealer,https://www.carsales.com.au/cars/details/2017-toyota-kluger-gxl-auto-2wd/OAG-AD-20701743/,2022-06-03 21:52:03.293199
2017 Toyota Kluger GX Auto 2WD,2017,94096,35990,1,2WD,dealer,https://www.carsales.com.au/cars/details/2017-toyota-kluger-gx-auto-2wd/OAG-AD-20652846/,2022-06-03 21:52:03.293199
2017 Toyota Kluger GX Auto 2WD,2017,110718,39990,1,2WD,dealer,https://www.carsales.com.au/cars/details/2017-toyota-kluger-gx-auto-2wd/OAG-AD-20793648/,2022-06-03 21:52:03.293199
2017 Toyota Kluger GXL Auto AWD,2017,98600,46990,2,AWD,dealer,https://www.carsales.com.au/cars/details/2017-toyota-kluger-gxl-auto-awd/OAG-AD-20708859/,2022-06-03 21:52:03.293199
2017 Toyota Kluger Grande Auto AWD,2017,118050,48990,3,AWD,dealer,https://www.carsales.com.au/cars/details/2017-toyota-kluger-grande-auto-awd/OAG-AD-20717969/,2022-06-03 21:52:03.293199
2017 Toyota Kluger GXL Auto AWD,2017,99186,42900,2,AWD,dealer,https://www.carsales.com.au/cars/details/2017-toyota-kluger-gxl-auto-awd/OAG-AD-20738960/,2022-06-03 21:52:03.293199
2017 Toyota Kluger GXL Auto AWD,2017,66069,43199,2,AWD,dealer,https://www.carsales.com.au/cars/details/2017-toyota-kluger-gxl-auto-awd/OAG-AD-20765974/,2022-06-03 21:52:03.293199
2017 Toyota Kluger GXL Auto 2WD,2017,112877,42990,2,2WD,dealer,https://www.carsales.com.au/cars/details/2017-toyota-kluger-gxl-auto-2wd/OAG-AD-20580836/,2022-06-03 21:52:03.293199
2017 Toyota Kluger GX Auto AWD,2017,95000,40999,1,AWD,dealer,https://www.carsales.com.au/cars/details/2017-toyota-kluger-gx-auto-awd/OAG-AD-20220317/,2022-06-03 21:52:03.293199
2017 Toyota Kluger GXL Auto AWD,2017,58999,46200,2,AWD,private,https://www.carsales.com.au/cars/details/2017-toyota-kluger-gxl-auto-awd/SSE-AD-12903930/,2022-06-03 21:52:03.293199
2017 Toyota Kluger GX Auto AWD,2017,226362,29984,1,AWD,dealer,https://www.carsales.com.au/cars/details/2017-toyota-kluger-gx-auto-awd/OAG-AD-20740353/,2022-06-03 21:52:03.293199
2017 Toyota Kluger GX Auto 2WD,2017,112000,37000,1,2WD,private,https://www.carsales.com.au/cars/details/2017-toyota-kluger-gx-auto-2wd/SSE-AD-12459502/,2022-06-03 21:52:03.293199
2017 Toyota Kluger Grande Auto AWD,2017,81000,52750,3,AWD,private,https://www.carsales.com.au/cars/details/2017-toyota-kluger-grande-auto-awd/SSE-AD-12910014/,2022-06-03 21:52:03.293199
2017 Toyota Kluger GXL Auto 2WD,2017,61190,43490,2,2WD,dealer,https://www.carsales.com.au/cars/details/2017-toyota-kluger-gxl-auto-2wd/OAG-AD-20255477/,2022-06-03 21:52:03.293199
2017 Toyota Kluger GX Auto AWD,2017,53636,40000,1,AWD,private,https://www.carsales.com.au/cars/details/2017-toyota-kluger-gx-auto-awd/SSE-AD-11892233/,2022-06-03 21:52:03.293199
2017 Toyota Kluger GX Auto 2WD,2017,113000,34500,1,2WD,private,https://www.carsales.com.au/cars/details/2017-toyota-kluger-gx-auto-2wd/SSE-AD-12456464/,2022-06-03 21:52:03.293199
2017 Toyota Kluger GX Auto 2WD,2017,67000,35990,1,2WD,private,https://www.carsales.com.au/cars/details/2017-toyota-kluger-gx-auto-2wd/SSE-AD-12624836/,2022-06-03 21:52:03.293199
2017 Toyota Kluger GX Auto 2WD,2017,74800,36500,1,2WD,private,https://www.carsales.com.au/cars/details/2017-toyota-kluger-gx-auto-2wd/SSE-AD-12872469/,2022-06-03 21:52:03.293199
2017 Toyota Kluger GXL Auto 2WD,2017,113000,38000,2,2WD,private,https://www.carsales.com.au/cars/details/2017-toyota-kluger-gxl-auto-2wd/SSE-AD-12549751/,2022-06-03 21:52:03.293199
2017 Toyota Kluger GX Auto 2WD,2017,89184,39990,1,2WD,private,https://www.carsales.com.au/cars/details/2017-toyota-kluger-gx-auto-2wd/OAG-AD-20800483/,2022-06-03 21:52:03.293199
2017 Toyota Kluger GX Auto AWD,2017,152648,42990,1,AWD,private,https://www.carsales.com.au/cars/details/2017-toyota-kluger-gx-auto-awd/OAG-AD-20686773/,2022-06-03 21:52:03.293199
2018 Toyota Kluger Grande Auto AWD,2018,58560,54988,3,AWD,dealer,https://www.carsales.com.au/cars/details/2018-toyota-kluger-grande-auto-awd/OAG-AD-20601144/,2022-06-03 21:52:03.293199
2018 Toyota Kluger GXL Auto 2WD,2018,36697,49890,2,2WD,dealer,https://www.carsales.com.au/cars/details/2018-toyota-kluger-gxl-auto-2wd/OAG-AD-20333423/,2022-06-03 21:52:03.293199
2018 Toyota Kluger GXL Auto 2WD,2018,60938,45990,2,2WD,dealer,https://www.carsales.com.au/cars/details/2018-toyota-kluger-gxl-auto-2wd/OAG-AD-20397824/,2022-06-03 21:52:03.293199
2018 Toyota Kluger GXL Auto AWD,2018,61469,50405,2,AWD,dealer,https://www.carsales.com.au/cars/details/2018-toyota-kluger-gxl-auto-awd/OAG-AD-20547197/,2022-06-03 21:52:03.293199
2018 Toyota Kluger GXL Auto 2WD,2018,86772,45490,2,2WD,dealer,https://www.carsales.com.au/cars/details/2018-toyota-kluger-gxl-auto-2wd/OAG-AD-20684339/,2022-06-03 21:52:03.293199
2018 Toyota Kluger GXL Auto 2WD,2018,75200,43000,2,2WD,private,https://www.carsales.com.au/cars/details/2018-toyota-kluger-gxl-auto-2wd/SSE-AD-12669001/,2022-06-03 21:52:03.293199
2018 Toyota Kluger GXL Auto AWD,2018,54644,47990,2,AWD,dealer,https://www.carsales.com.au/cars/details/2018-toyota-kluger-gxl-auto-awd/OAG-AD-20729026/,2022-06-03 21:52:03.293199
2018 Toyota Kluger GX Auto 2WD,2018,69107,39990,1,2WD,dealer,https://www.carsales.com.au/cars/details/2018-toyota-kluger-gx-auto-2wd/OAG-AD-20612350/,2022-06-03 21:52:03.293199
2018 Toyota Kluger GX Auto AWD,2018,112984,42888,1,AWD,dealer,https://www.carsales.com.au/cars/details/2018-toyota-kluger-gx-auto-awd/OAG-AD-20689129/,2022-06-03 21:52:03.293199
2018 Toyota Kluger GX Auto 2WD,2018,55868,40990,1,2WD,dealer,https://www.carsales.com.au/cars/details/2018-toyota-kluger-gx-auto-2wd/OAG-AD-20527255/,2022-06-03 21:52:03.293199
2018 Toyota Kluger GX Auto AWD,2018,66278,44990,1,AWD,dealer,https://www.carsales.com.au/cars/details/2018-toyota-kluger-gx-auto-awd/OAG-AD-20761046/,2022-06-03 21:52:03.293199
2018 Toyota Kluger Grande Auto AWD,2018,64665,53990,3,AWD,private,https://www.carsales.com.au/cars/details/2018-toyota-kluger-grande-auto-awd/SSE-AD-12554582/,2022-06-03 21:52:03.293199
2018 Toyota Kluger Grande Auto 2WD,2018,33500,53995,3,2WD,private,https://www.carsales.com.au/cars/details/2018-toyota-kluger-grande-auto-2wd/SSE-AD-12801863/,2022-06-03 21:52:03.293199
2018 Toyota Kluger GXL Auto 2WD,2018,73884,45990,2,2WD,dealer,https://www.carsales.com.au/cars/details/2018-toyota-kluger-gxl-auto-2wd/OAG-AD-20597277/,2022-06-03 21:52:03.293199
2018 Toyota Kluger Grande Auto AWD,2018,36020,57600,3,AWD,private,https://www.carsales.com.au/cars/details/2018-toyota-kluger-grande-auto-awd/SSE-AD-12906126/,2022-06-03 21:52:03.293199
2018 Toyota Kluger GXL Auto AWD,2018,57958,52990,2,AWD,dealer,https://www.carsales.com.au/cars/details/2018-toyota-kluger-gxl-auto-awd/OAG-AD-20531009/,2022-06-03 21:52:03.293199
2018 Toyota Kluger GXL Auto 2WD,2018,96089,45990,2,2WD,dealer,https://www.carsales.com.au/cars/details/2018-toyota-kluger-gxl-auto-2wd/OAG-AD-20730142/,2022-06-03 21:52:03.293199
2018 Toyota Kluger GX Auto AWD,2018,140922,36871,1,AWD,dealer,https://www.carsales.com.au/cars/details/2018-toyota-kluger-gx-auto-awd/OAG-AD-20726476/,2022-06-03 21:52:03.293199
2018 Toyota Kluger GX Auto 2WD,2018,53616,45888,1,2WD,dealer,https://www.carsales.com.au/cars/details/2018-toyota-kluger-gx-auto-2wd/OAG-AD-20693002/,2022-06-03 21:52:03.293199
2018 Toyota Kluger GXL Auto AWD,2018,48665,49990,2,AWD,dealer,https://www.carsales.com.au/cars/details/2018-toyota-kluger-gxl-auto-awd/OAG-AD-20512208/,2022-06-03 21:52:03.293199
2018 Toyota Kluger GX Auto AWD,2018,47227,42516,1,AWD,dealer,https://www.carsales.com.au/cars/details/2018-toyota-kluger-gx-auto-awd/OAG-AD-20538408/,2022-06-03 21:52:03.293199
2018 Toyota Kluger GXL Auto AWD,2018,23738,54990,2,AWD,dealer,https://www.carsales.com.au/cars/details/2018-toyota-kluger-gxl-auto-awd/OAG-AD-20778938/,2022-06-03 21:52:03.293199
2018 Toyota Kluger GXL Auto AWD,2018,92747,43990,2,AWD,dealer,https://www.carsales.com.au/cars/details/2018-toyota-kluger-gxl-auto-awd/OAG-AD-20765185/,2022-06-03 21:52:03.293199
2018 Toyota Kluger GX Auto 2WD,2018,95875,40990,1,2WD,dealer,https://www.carsales.com.au/cars/details/2018-toyota-kluger-gx-auto-2wd/OAG-AD-20671364/,2022-06-03 21:52:03.293199
2018 Toyota Kluger GX Auto 2WD,2018,66163,45505,1,2WD,dealer,https://www.carsales.com.au/cars/details/2018-toyota-kluger-gx-auto-2wd/OAG-AD-20745701/,2022-06-03 21:52:03.293199
2018 Toyota Kluger GXL Auto 2WD,2018,49451,44990,2,2WD,dealer,https://www.carsales.com.au/cars/details/2018-toyota-kluger-gxl-auto-2wd/OAG-AD-20708396/,2022-06-03 21:52:03.293199
2018 Toyota Kluger GXL Auto AWD,2018,172775,36990,2,AWD,private,https://www.carsales.com.au/cars/details/2018-toyota-kluger-gxl-auto-awd/SSE-AD-12925371/,2022-06-03 21:52:03.293199
2018 Toyota Kluger GX Auto 2WD,2018,74500,39800,1,2WD,private,https://www.carsales.com.au/cars/details/2018-toyota-kluger-gx-auto-2wd/SSE-AD-12863635/,2022-06-03 21:52:03.293199
2018 Toyota Kluger GX Auto 2WD,2018,48244,42990,1,2WD,dealer,https://www.carsales.com.au/cars/details/2018-toyota-kluger-gx-auto-2wd/OAG-AD-20745425/,2022-06-03 21:52:03.293199
2018 Toyota Kluger GXL Auto 2WD,2018,19038,49990,2,2WD,dealer,https://www.carsales.com.au/cars/details/2018-toyota-kluger-gxl-auto-2wd/OAG-AD-20680451/,2022-06-03 21:52:03.293199
2018 Toyota Kluger GXL Auto AWD,2018,26000,50999,2,AWD,private,https://www.carsales.com.au/cars/details/2018-toyota-kluger-gxl-auto-awd/SSE-AD-12900500/,2022-06-03 21:52:03.293199
2018 Toyota Kluger Grande Auto AWD,2018,99000,40000,3,AWD,private,https://www.carsales.com.au/cars/details/2018-toyota-kluger-grande-auto-awd/SSE-AD-12386720/,2022-06-03 21:52:03.293199
2018 Toyota Kluger GXL Auto 2WD,2018,46000,44000,2,2WD,private,https://www.carsales.com.au/cars/details/2018-toyota-kluger-gxl-auto-2wd/SSE-AD-12543755/,2022-06-03 21:52:03.293199
2018 Toyota Kluger GXL Auto AWD,2018,37000,54000,2,AWD,private,https://www.carsales.com.au/cars/details/2018-toyota-kluger-gxl-auto-awd/SSE-AD-12848247/,2022-06-03 21:52:03.293199
2018 Toyota Kluger GXL Auto AWD,2018,52814,49990,2,AWD,dealer,https://www.carsales.com.au/cars/details/2018-toyota-kluger-gxl-auto-awd/OAG-AD-20786659/,2022-06-03 21:52:03.293199
2018 Toyota Kluger GX Auto 2WD,2018,58000,40000,1,2WD,private,https://www.carsales.com.au/cars/details/2018-toyota-kluger-gx-auto-2wd/SSE-AD-12647993/,2022-06-03 21:52:03.293199
2019 Toyota Kluger GX Auto 2WD,2019,25495,48790,1,2WD,dealer,https://www.carsales.com.au/cars/details/2019-toyota-kluger-gx-auto-2wd/OAG-AD-20333424/,2022-06-03 21:52:03.293199
2019 Toyota Kluger GXL Auto 2WD,2019,44889,49190,2,2WD,dealer,https://www.carsales.com.au/cars/details/2019-toyota-kluger-gxl-auto-2wd/OAG-AD-20338068/,2022-06-03 21:52:03.293199
2019 Toyota Kluger GXL Auto 2WD,2019,45327,49290,2,2WD,dealer,https://www.carsales.com.au/cars/details/2019-toyota-kluger-gxl-auto-2wd/OAG-AD-20397850/,2022-06-03 21:52:03.293199
2019 Toyota Kluger GXL Auto AWD,2019,61344,56990,2,AWD,dealer,https://www.carsales.com.au/cars/details/2019-toyota-kluger-gxl-auto-awd/OAG-AD-20743518/,2022-06-03 21:52:03.293199
2019 Toyota Kluger Grande Auto AWD,2019,15000,61999,3,AWD,private,https://www.carsales.com.au/cars/details/2019-toyota-kluger-grande-auto-awd/SSE-AD-12537255/,2022-06-03 21:52:03.293199
2019 Toyota Kluger GXL Auto 2WD,2019,48500,48800,2,2WD,private,https://www.carsales.com.au/cars/details/2019-toyota-kluger-gxl-auto-2wd/SSE-AD-12799852/,2022-06-03 21:52:03.293199
2019 Toyota Kluger Grande Auto AWD,2019,46649,59990,3,AWD,dealer,https://www.carsales.com.au/cars/details/2019-toyota-kluger-grande-auto-awd/OAG-AD-20599670/,2022-06-03 21:52:03.293199
2019 Toyota Kluger GX Auto AWD,2019,59522,44000,1,AWD,dealer,https://www.carsales.com.au/cars/details/2019-toyota-kluger-gx-auto-awd/OAG-AD-20671374/,2022-06-03 21:52:03.293199
2019 Toyota Kluger GXL Auto 2WD,2019,24076,52995,2,2WD,dealer,https://www.carsales.com.au/cars/details/2019-toyota-kluger-gxl-auto-2wd/OAG-AD-20788375/,2022-06-03 21:52:03.293199
2019 Toyota Kluger Grande Auto AWD,2019,41260,62990,3,AWD,dealer,https://www.carsales.com.au/cars/details/2019-toyota-kluger-grande-auto-awd/OAG-AD-20688650/,2022-06-03 21:52:03.293199
2019 Toyota Kluger GX Auto AWD,2019,49662,46950,1,AWD,dealer,https://www.carsales.com.au/cars/details/2019-toyota-kluger-gx-auto-awd/OAG-AD-20662727/,2022-06-03 21:52:03.293199
2019 Toyota Kluger GX Auto AWD,2019,48692,46398,1,AWD,dealer,https://www.carsales.com.au/cars/details/2019-toyota-kluger-gx-auto-awd/OAG-AD-20681927/,2022-06-03 21:52:03.293199
2019 Toyota Kluger Black Edition Auto 2WD,2019,10821,59990,1,2WD,dealer,https://www.carsales.com.au/cars/details/2019-toyota-kluger-black-edition-auto-2wd/OAG-AD-20608413/,2022-06-03 21:52:03.293199
2019 Toyota Kluger GXL Auto 2WD,2019,12165,58000,2,2WD,private,https://www.carsales.com.au/cars/details/2019-toyota-kluger-gxl-auto-2wd/SSE-AD-12483197/,2022-06-03 21:52:03.293199
2019 Toyota Kluger GX Auto AWD,2019,48648,47327,1,AWD,dealer,https://www.carsales.com.au/cars/details/2019-toyota-kluger-gx-auto-awd/OAG-AD-20584569/,2022-06-03 21:52:03.293199
2019 Toyota Kluger GXL Auto 2WD,2019,39896,50000,2,2WD,private,https://www.carsales.com.au/cars/details/2019-toyota-kluger-gxl-auto-2wd/SSE-AD-12819424/,2022-06-03 21:52:03.293199
2019 Toyota Kluger GXL Auto 2WD,2019,61950,49990,2,2WD,dealer,https://www.carsales.com.au/cars/details/2019-toyota-kluger-gxl-auto-2wd/OAG-AD-20491869/,2022-06-03 21:52:03.293199
2019 Toyota Kluger GXL Auto AWD,2019,19649,58650,2,AWD,private,https://www.carsales.com.au/cars/details/2019-toyota-kluger-gxl-auto-awd/SSE-AD-12617076/,2022-06-03 21:52:03.293199
2019 Toyota Kluger GX Auto AWD,2019,62500,46000,1,AWD,private,https://www.carsales.com.au/cars/details/2019-toyota-kluger-gx-auto-awd/SSE-AD-12925476/,2022-06-03 21:52:03.293199
2019 Toyota Kluger GX Auto 2WD,2019,38500,41000,1,2WD,private,https://www.carsales.com.au/cars/details/2019-toyota-kluger-gx-auto-2wd/SSE-AD-7443334/,2022-06-03 21:52:03.293199
2019 Toyota Kluger Grande Auto 2WD,2019,24000,59000,3,2WD,private,https://www.carsales.com.au/cars/details/2019-toyota-kluger-grande-auto-2wd/SSE-AD-12313738/,2022-06-03 21:52:03.293199
2019 Toyota Kluger GXL Auto 2WD,2019,62897,52990,2,2WD,private,https://www.carsales.com.au/cars/details/2019-toyota-kluger-gxl-auto-2wd/OAG-AD-20730318/,2022-06-03 21:52:03.293199
2021 Toyota Kluger GX Auto 2WD,2021,2575,57999,1,2WD,private,https://www.carsales.com.au/cars/details/2021-toyota-kluger-gx-auto-2wd/SSE-AD-12898560/,2022-06-03 21:52:03.293199
2021 Toyota Kluger Grande Auto 2WD,2021,6019,69990,3,2WD,dealer,https://www.carsales.com.au/cars/details/2021-toyota-kluger-grande-auto-2wd/OAG-AD-20674608/,2022-06-03 21:52:03.293199
2021 Toyota Kluger GX Auto 2WD,2021,5274,58888,1,2WD,dealer,https://www.carsales.com.au/cars/details/2021-toyota-kluger-gx-auto-2wd/OAG-AD-20726391/,2022-06-03 21:52:03.293199
2021 Toyota Kluger Grande Auto eFour,2021,15384,85990,3,2WD,dealer,https://www.carsales.com.au/cars/details/2021-toyota-kluger-grande-auto-efour/OAG-AD-20792548/,2022-06-03 21:52:03.293199
2021 Toyota Kluger GXL Auto 2WD,2021,19993,62895,2,2WD,dealer,https://www.carsales.com.au/cars/details/2021-toyota-kluger-gxl-auto-2wd/OAG-AD-20703254/,2022-06-03 21:52:03.293199
2021 Toyota Kluger Grande Auto AWD,2021,2574,89990,3,AWD,dealer,https://www.carsales.com.au/cars/details/2021-toyota-kluger-grande-auto-awd/OAG-AD-20650805/,2022-06-03 21:52:03.293199
2021 Toyota Kluger GX Auto 2WD,2021,9700,56894,1,2WD,dealer,https://www.carsales.com.au/cars/details/2021-toyota-kluger-gx-auto-2wd/OAG-AD-20763927/,2022-06-03 21:52:03.293199
2021 Toyota Kluger GXL Auto AWD,2021,16931,62990,2,AWD,dealer,https://www.carsales.com.au/cars/details/2021-toyota-kluger-gxl-auto-awd/OAG-AD-20791923/,2022-06-03 21:52:03.293199
2021 Toyota Kluger Grande Auto 2WD,2021,18117,69880,3,2WD,dealer,https://www.carsales.com.au/cars/details/2021-toyota-kluger-grande-auto-2wd/OAG-AD-20757831/,2022-06-03 21:52:03.293199
2022 Toyota Kluger GX Auto eFour,2022,,61403,1,2WD,dealer,https://www.carsales.com.au/cars/details/2022-toyota-kluger-gx-auto-efour/SHRM-AD-6285483/,2022-06-03 21:52:03.293199
2022 Toyota Kluger Grande Auto 2WD,2022,,77253,3,2WD,dealer,https://www.carsales.com.au/cars/details/2022-toyota-kluger-grande-auto-2wd/SHRM-AD-6276888/,2022-06-03 21:52:03.293199
2022 Toyota Kluger GXL Auto eFour,2022,,71520,2,2WD,dealer,https://www.carsales.com.au/cars/details/2022-toyota-kluger-gxl-auto-efour/SHRM-AD-6280656/,2022-06-03 21:52:03.293199
2022 Toyota Kluger Grande Auto eFour,2022,,84354,3,2WD,dealer,https://www.carsales.com.au/cars/details/2022-toyota-kluger-grande-auto-efour/SHRM-AD-6286038/,2022-06-03 21:52:03.293199
2022 Toyota Kluger GXL Auto eFour,2022,,71520,2,2WD,dealer,https://www.carsales.com.au/cars/details/2022-toyota-kluger-gxl-auto-efour/SHRM-AD-6281250/,2022-06-03 21:52:03.293199
2022 Toyota Kluger GX Auto 2WD,2022,,54431,1,2WD,dealer,https://www.carsales.com.au/cars/details/2022-toyota-kluger-gx-auto-2wd/SHRM-AD-6286010/,2022-06-03 21:52:03.293199
2022 Toyota Kluger Grande Auto eFour,2022,,84354,3,2WD,dealer,https://www.carsales.com.au/cars/details/2022-toyota-kluger-grande-auto-efour/SHRM-AD-6285526/,2022-06-03 21:52:03.293199
2022 Toyota Kluger GX Auto eFour,2022,,60684,1,2WD,dealer,https://www.carsales.com.au/cars/details/2022-toyota-kluger-gx-auto-efour/SHRM-AD-6285482/,2022-06-03 21:52:03.293199
2022 Toyota Kluger GXL Auto eFour,2022,,71520,2,2WD,dealer,https://www.carsales.com.au/cars/details/2022-toyota-kluger-gxl-auto-efour/SHRM-AD-6283464/,2022-06-03 21:52:03.293199
2022 Toyota Kluger Grande Auto 2WD,2022,,77253,3,2WD,dealer,https://www.carsales.com.au/cars/details/2022-toyota-kluger-grande-auto-2wd/SHRM-AD-6277102/,2022-06-03 21:52:03.293199
2022 Toyota Kluger GXL Auto eFour,2022,,71520,2,2WD,dealer,https://www.carsales.com.au/cars/details/2022-toyota-kluger-gxl-auto-efour/SHRM-AD-6283061/,2022-06-03 21:52:03.293199
2022 Toyota Kluger Grande Auto 2WD,2022,,77972,3,2WD,dealer,https://www.carsales.com.au/cars/details/2022-toyota-kluger-grande-auto-2wd/SHRM-AD-6275583/,2022-06-03 21:52:03.293199
2022 Toyota Kluger Grande Auto eFour,2022,,84354,3,2WD,dealer,https://www.carsales.com.au/cars/details/2022-toyota-kluger-grande-auto-efour/SHRM-AD-6285620/,2022-06-03 21:52:03.293199
2022 Toyota Kluger GXL Auto 2WD,2022,,63830,2,2WD,private,https://www.carsales.com.au/cars/details/2022-toyota-kluger-gxl-auto-2wd/SHRM-AD-580365/,2022-06-03 21:52:03.293199
2022 Toyota Kluger GX Auto AWD,2022,,57997,1,AWD,private,https://www.carsales.com.au/cars/details/2022-toyota-kluger-gx-auto-awd/SHRM-AD-580370/,2022-06-03 21:52:03.293199
2022 Toyota Kluger Grande Auto AWD,2022,,82691,3,AWD,private,https://www.carsales.com.au/cars/details/2022-toyota-kluger-grande-auto-awd/SHRM-AD-580367/,2022-06-03 21:52:03.293199
2022 Toyota Kluger GXL Auto AWD,2022,,68115,2,AWD,private,https://www.carsales.com.au/cars/details/2022-toyota-kluger-gxl-auto-awd/SHRM-AD-580366/,2022-06-03 21:52:03.293199
