,Unnamed: 0.5,Unnamed: 0.4,Unnamed: 0.3,Unnamed: 0.2,Unnamed: 0.1,Unnamed: 0,id,name,year,odokm,price,grade,drive,owner,url,date
0,0.0,0.0,0.0,0.0,0.0,0.0,2012-AWD-SSE-AD-12884730,2012 Toyota Kluger Altitude Auto AWD MY12,2012,145000,24500,1,AWD,private,https://www.carsales.com.au/cars/details/2012-toyota-kluger-altitude-auto-awd-my12/SSE-AD-12884730/,2022-06-18
1,1.0,1.0,1.0,1.0,1.0,1.0,2015-2WD-SSE-AD-12924600,2015 Toyota Kluger GX Auto 2WD,2015,66000,37500,1,2WD,private,https://www.carsales.com.au/cars/details/2015-toyota-kluger-gx-auto-2wd/SSE-AD-12924600/,2022-06-18
2,2.0,2.0,2.0,2.0,2.0,4.0,2018-2WD-SSE-AD-12963037,2018 Toyota Kluger GX Auto 2WD,2018,61000,39500,1,2WD,private,https://www.carsales.com.au/cars/details/2018-toyota-kluger-gx-auto-2wd/SSE-AD-12963037/,2022-06-18
3,3.0,3.0,3.0,3.0,3.0,5.0,2018-AWD-SSE-AD-12554582,2018 Toyota Kluger Grande Auto AWD,2018,64665,53990,3,AWD,private,https://www.carsales.com.au/cars/details/2018-toyota-kluger-grande-auto-awd/SSE-AD-12554582/,2022-06-18
4,4.0,4.0,4.0,4.0,4.0,6.0,2018-2WD-SSE-AD-12801863,2018 Toyota Kluger Grande Auto 2WD,2018,33500,50000,3,2WD,private,https://www.carsales.com.au/cars/details/2018-toyota-kluger-grande-auto-2wd/SSE-AD-12801863/,2022-06-18
5,5.0,5.0,5.0,5.0,5.0,7.0,2016-AWD-SSE-AD-12902702,2016 Toyota Kluger Grande Auto AWD,2016,125000,39990,3,AWD,private,https://www.carsales.com.au/cars/details/2016-toyota-kluger-grande-auto-awd/SSE-AD-12902702/,2022-06-18
6,6.0,6.0,6.0,6.0,6.0,8.0,2018-AWD-SSE-AD-12930081,2018 Toyota Kluger GXL Auto AWD,2018,103300,41000,2,AWD,private,https://www.carsales.com.au/cars/details/2018-toyota-kluger-gxl-auto-awd/SSE-AD-12930081/,2022-06-18
7,7.0,7.0,7.0,7.0,7.0,9.0,2015-2WD-SSE-AD-12720105,2015 Toyota Kluger GX Auto 2WD,2015,143000,27995,1,2WD,private,https://www.carsales.com.au/cars/details/2015-toyota-kluger-gx-auto-2wd/SSE-AD-12720105/,2022-06-18
8,8.0,8.0,8.0,8.0,8.0,10.0,2014-AWD-SSE-AD-12752087,2014 Toyota Kluger Grande Auto AWD,2014,101900,37500,3,AWD,private,https://www.carsales.com.au/cars/details/2014-toyota-kluger-grande-auto-awd/SSE-AD-12752087/,2022-06-18
9,9.0,9.0,9.0,9.0,9.0,11.0,2019-2WD-SSE-AD-12799852,2019 Toyota Kluger GXL Auto 2WD,2019,48500,48800,2,2WD,private,https://www.carsales.com.au/cars/details/2019-toyota-kluger-gxl-auto-2wd/SSE-AD-12799852/,2022-06-18
10,10.0,10.0,10.0,10.0,10.0,12.0,2019-AWD-SSE-AD-12537255,2019 Toyota Kluger Grande Auto AWD,2019,15000,61999,3,AWD,private,https://www.carsales.com.au/cars/details/2019-toyota-kluger-grande-auto-awd/SSE-AD-12537255/,2022-06-18
11,11.0,11.0,11.0,11.0,11.0,13.0,2016-AWD-SSE-AD-12447352,2016 Toyota Kluger Grande Auto AWD,2016,54000,48000,3,AWD,private,https://www.carsales.com.au/cars/details/2016-toyota-kluger-grande-auto-awd/SSE-AD-12447352/,2022-06-18
12,12.0,12.0,12.0,12.0,12.0,14.0,2013-AWD-SSE-AD-7279042,2013 Toyota Kluger Grande Auto AWD,2013,98630,31000,3,AWD,private,https://www.carsales.com.au/cars/details/2013-toyota-kluger-grande-auto-awd/SSE-AD-7279042/,2022-06-18
13,13.0,13.0,13.0,13.0,13.0,15.0,2017-2WD-SSE-AD-12934227,2017 Toyota Kluger GX Auto 2WD,2017,111000,33500,1,2WD,private,https://www.carsales.com.au/cars/details/2017-toyota-kluger-gx-auto-2wd/SSE-AD-12934227/,2022-06-18
14,14.0,14.0,14.0,14.0,14.0,16.0,2015-AWD-SSE-AD-12985739,2015 Toyota Kluger Grande Auto AWD,2015,112549,41500,3,AWD,private,https://www.carsales.com.au/cars/details/2015-toyota-kluger-grande-auto-awd/SSE-AD-12985739/,2022-06-18
15,15.0,15.0,15.0,15.0,15.0,17.0,2014-2WD-SSE-AD-12059000,2014 Toyota Kluger Grande Auto 2WD,2014,71243,39500,3,2WD,private,https://www.carsales.com.au/cars/details/2014-toyota-kluger-grande-auto-2wd/SSE-AD-12059000/,2022-06-18
16,16.0,16.0,16.0,16.0,16.0,18.0,2017-2WD-SSE-AD-12456464,2017 Toyota Kluger GX Auto 2WD,2017,113000,34500,1,2WD,private,https://www.carsales.com.au/cars/details/2017-toyota-kluger-gx-auto-2wd/SSE-AD-12456464/,2022-06-18
17,17.0,17.0,17.0,17.0,17.0,19.0,2019-AWD-SSE-AD-12617076,2019 Toyota Kluger GXL Auto AWD,2019,19649,58650,2,AWD,private,https://www.carsales.com.au/cars/details/2019-toyota-kluger-gxl-auto-awd/SSE-AD-12617076/,2022-06-18
18,18.0,18.0,18.0,18.0,18.0,20.0,2017-2WD-SSE-AD-12624836,2017 Toyota Kluger GX Auto 2WD,2017,67000,35990,1,2WD,private,https://www.carsales.com.au/cars/details/2017-toyota-kluger-gx-auto-2wd/SSE-AD-12624836/,2022-06-18
19,19.0,19.0,19.0,19.0,19.0,21.0,2014-AWD-SSE-AD-12966518,2014 Toyota Kluger GX Auto AWD,2014,144226,29990,1,AWD,private,https://www.carsales.com.au/cars/details/2014-toyota-kluger-gx-auto-awd/SSE-AD-12966518/,2022-06-18
20,20.0,20.0,20.0,20.0,20.0,22.0,2016-2WD-SSE-AD-12177637,2016 Toyota Kluger GXL Auto 2WD,2016,89000,38000,2,2WD,private,https://www.carsales.com.au/cars/details/2016-toyota-kluger-gxl-auto-2wd/SSE-AD-12177637/,2022-06-18
21,21.0,21.0,21.0,21.0,21.0,23.0,2015-2WD-SSE-AD-12940922,2015 Toyota Kluger GX Auto 2WD,2015,146743,28500,1,2WD,private,https://www.carsales.com.au/cars/details/2015-toyota-kluger-gx-auto-2wd/SSE-AD-12940922/,2022-06-18
22,22.0,22.0,22.0,22.0,22.0,24.0,2019-2WD-SSE-AD-12313738,2019 Toyota Kluger Grande Auto 2WD,2019,27000,58500,3,2WD,private,https://www.carsales.com.au/cars/details/2019-toyota-kluger-grande-auto-2wd/SSE-AD-12313738/,2022-06-18
23,23.0,23.0,23.0,23.0,23.0,25.0,2018-AWD-SSE-AD-12848247,2018 Toyota Kluger GXL Auto AWD,2018,37000,54000,2,AWD,private,https://www.carsales.com.au/cars/details/2018-toyota-kluger-gxl-auto-awd/SSE-AD-12848247/,2022-06-18
24,24.0,24.0,24.0,24.0,24.0,0.0,2012-AWD-SSE-AD-12884730,2012 Toyota Kluger Altitude Auto AWD MY12,2012,145000,24500,1,AWD,private,https://www.carsales.com.au/cars/details/2012-toyota-kluger-altitude-auto-awd-my12/SSE-AD-12884730/,2022-06-19 00:00:00
25,25.0,25.0,25.0,25.0,25.0,1.0,2015-2WD-SSE-AD-12924600,2015 Toyota Kluger GX Auto 2WD,2015,66000,36990,1,2WD,private,https://www.carsales.com.au/cars/details/2015-toyota-kluger-gx-auto-2wd/SSE-AD-12924600/,2022-06-19 00:00:00
26,26.0,26.0,26.0,26.0,26.0,2.0,2012-AWD-SSE-AD-12884730,2012 Toyota Kluger Altitude Auto AWD MY12,2012,145000,24500,1,AWD,private,https://www.carsales.com.au/cars/details/2012-toyota-kluger-altitude-auto-awd-my12/SSE-AD-12884730/,2022-06-19 00:00:00
27,27.0,27.0,27.0,27.0,27.0,3.0,2015-2WD-SSE-AD-12924600,2015 Toyota Kluger GX Auto 2WD,2015,66000,36990,1,2WD,private,https://www.carsales.com.au/cars/details/2015-toyota-kluger-gx-auto-2wd/SSE-AD-12924600/,2022-06-19 00:00:00
28,28.0,28.0,28.0,28.0,28.0,4.0,2018-2WD-SSE-AD-12963037,2018 Toyota Kluger GX Auto 2WD,2018,61000,39500,1,2WD,private,https://www.carsales.com.au/cars/details/2018-toyota-kluger-gx-auto-2wd/SSE-AD-12963037/,2022-06-19 00:00:00
29,29.0,29.0,29.0,29.0,29.0,5.0,2018-AWD-SSE-AD-12554582,2018 Toyota Kluger Grande Auto AWD,2018,64665,53990,3,AWD,private,https://www.carsales.com.au/cars/details/2018-toyota-kluger-grande-auto-awd/SSE-AD-12554582/,2022-06-19 00:00:00
30,30.0,30.0,30.0,30.0,30.0,6.0,2019-2WD-SSE-AD-12799852,2019 Toyota Kluger GXL Auto 2WD,2019,48500,48800,2,2WD,private,https://www.carsales.com.au/cars/details/2019-toyota-kluger-gxl-auto-2wd/SSE-AD-12799852/,2022-06-19 00:00:00
31,31.0,31.0,31.0,31.0,31.0,7.0,2018-2WD-SSE-AD-12801863,2018 Toyota Kluger Grande Auto 2WD,2018,33500,50000,3,2WD,private,https://www.carsales.com.au/cars/details/2018-toyota-kluger-grande-auto-2wd/SSE-AD-12801863/,2022-06-19 00:00:00
32,32.0,32.0,32.0,32.0,32.0,8.0,2016-AWD-SSE-AD-12902702,2016 Toyota Kluger Grande Auto AWD,2016,125000,39990,3,AWD,private,https://www.carsales.com.au/cars/details/2016-toyota-kluger-grande-auto-awd/SSE-AD-12902702/,2022-06-19 00:00:00
33,33.0,33.0,33.0,33.0,33.0,9.0,2018-AWD-SSE-AD-12930081,2018 Toyota Kluger GXL Auto AWD,2018,103300,41000,2,AWD,private,https://www.carsales.com.au/cars/details/2018-toyota-kluger-gxl-auto-awd/SSE-AD-12930081/,2022-06-19 00:00:00
34,34.0,34.0,34.0,34.0,34.0,10.0,2015-2WD-SSE-AD-12720105,2015 Toyota Kluger GX Auto 2WD,2015,143000,27995,1,2WD,private,https://www.carsales.com.au/cars/details/2015-toyota-kluger-gx-auto-2wd/SSE-AD-12720105/,2022-06-19 00:00:00
35,35.0,35.0,35.0,35.0,35.0,11.0,2014-AWD-SSE-AD-12752087,2014 Toyota Kluger Grande Auto AWD,2014,101900,37500,3,AWD,private,https://www.carsales.com.au/cars/details/2014-toyota-kluger-grande-auto-awd/SSE-AD-12752087/,2022-06-19 00:00:00
36,36.0,36.0,36.0,36.0,36.0,12.0,2019-AWD-SSE-AD-12537255,2019 Toyota Kluger Grande Auto AWD,2019,15000,61999,3,AWD,private,https://www.carsales.com.au/cars/details/2019-toyota-kluger-grande-auto-awd/SSE-AD-12537255/,2022-06-19 00:00:00
37,37.0,37.0,37.0,37.0,37.0,13.0,2013-AWD-SSE-AD-12854581,2013 Toyota Kluger KX-R Auto AWD,2013,99000,26000,1,AWD,private,https://www.carsales.com.au/cars/details/2013-toyota-kluger-kx-r-auto-awd/SSE-AD-12854581/,2022-06-19 00:00:00
38,38.0,38.0,38.0,38.0,38.0,0.0,2017-2WD-SSE-AD-12934227,2017 Toyota Kluger GX Auto 2WD,2017,111000,33500,1,2WD,private,https://www.carsales.com.au/cars/details/2017-toyota-kluger-gx-auto-2wd/SSE-AD-12934227/,2022-06-19 00:00:00
39,39.0,39.0,39.0,39.0,39.0,1.0,2015-AWD-SSE-AD-12985739,2015 Toyota Kluger Grande Auto AWD,2015,112549,41500,3,AWD,private,https://www.carsales.com.au/cars/details/2015-toyota-kluger-grande-auto-awd/SSE-AD-12985739/,2022-06-19 00:00:00
40,40.0,40.0,40.0,40.0,40.0,2.0,2013-AWD-SSE-AD-7279042,2013 Toyota Kluger Grande Auto AWD,2013,98630,31000,3,AWD,private,https://www.carsales.com.au/cars/details/2013-toyota-kluger-grande-auto-awd/SSE-AD-7279042/,2022-06-19 00:00:00
41,41.0,41.0,41.0,41.0,41.0,3.0,2019-AWD-SSE-AD-12617076,2019 Toyota Kluger GXL Auto AWD,2019,19649,58650,2,AWD,private,https://www.carsales.com.au/cars/details/2019-toyota-kluger-gxl-auto-awd/SSE-AD-12617076/,2022-06-19 00:00:00
42,42.0,42.0,42.0,42.0,42.0,4.0,2014-2WD-SSE-AD-12059000,2014 Toyota Kluger Grande Auto 2WD,2014,71243,39500,3,2WD,private,https://www.carsales.com.au/cars/details/2014-toyota-kluger-grande-auto-2wd/SSE-AD-12059000/,2022-06-19 00:00:00
43,43.0,43.0,43.0,43.0,43.0,5.0,2014-AWD-SSE-AD-12966518,2014 Toyota Kluger GX Auto AWD,2014,144226,29990,1,AWD,private,https://www.carsales.com.au/cars/details/2014-toyota-kluger-gx-auto-awd/SSE-AD-12966518/,2022-06-19 00:00:00
44,44.0,44.0,44.0,44.0,44.0,6.0,2017-2WD-SSE-AD-12624836,2017 Toyota Kluger GX Auto 2WD,2017,67000,35990,1,2WD,private,https://www.carsales.com.au/cars/details/2017-toyota-kluger-gx-auto-2wd/SSE-AD-12624836/,2022-06-19 00:00:00
45,45.0,45.0,45.0,45.0,45.0,7.0,2017-2WD-SSE-AD-12456464,2017 Toyota Kluger GX Auto 2WD,2017,113000,34500,1,2WD,private,https://www.carsales.com.au/cars/details/2017-toyota-kluger-gx-auto-2wd/SSE-AD-12456464/,2022-06-19 00:00:00
46,46.0,46.0,46.0,46.0,46.0,8.0,2016-2WD-SSE-AD-12177637,2016 Toyota Kluger GXL Auto 2WD,2016,89000,38000,2,2WD,private,https://www.carsales.com.au/cars/details/2016-toyota-kluger-gxl-auto-2wd/SSE-AD-12177637/,2022-06-19 00:00:00
47,47.0,47.0,47.0,47.0,47.0,9.0,2015-2WD-SSE-AD-12940922,2015 Toyota Kluger GX Auto 2WD,2015,146743,28500,1,2WD,private,https://www.carsales.com.au/cars/details/2015-toyota-kluger-gx-auto-2wd/SSE-AD-12940922/,2022-06-19 00:00:00
48,48.0,48.0,48.0,48.0,48.0,10.0,2018-AWD-SSE-AD-12848247,2018 Toyota Kluger GXL Auto AWD,2018,37000,54000,2,AWD,private,https://www.carsales.com.au/cars/details/2018-toyota-kluger-gxl-auto-awd/SSE-AD-12848247/,2022-06-19 00:00:00
49,49.0,49.0,49.0,49.0,49.0,11.0,2019-2WD-SSE-AD-12313738,2019 Toyota Kluger Grande Auto 2WD,2019,27000,58500,3,2WD,private,https://www.carsales.com.au/cars/details/2019-toyota-kluger-grande-auto-2wd/SSE-AD-12313738/,2022-06-19 00:00:00
50,50.0,50.0,50.0,50.0,0.0,,2012-AWD-SSE-AD-12884730,2012 Toyota Kluger Altitude Auto AWD MY12,2012,145000,24500,1,AWD,private,https://www.carsales.com.au/cars/details/2012-toyota-kluger-altitude-auto-awd-my12/SSE-AD-12884730/,2022-06-19 00:00:00
51,51.0,51.0,51.0,51.0,1.0,,2018-2WD-SSE-AD-12963037,2018 Toyota Kluger GX Auto 2WD,2018,61000,39500,1,2WD,private,https://www.carsales.com.au/cars/details/2018-toyota-kluger-gx-auto-2wd/SSE-AD-12963037/,2022-06-19 00:00:00
52,52.0,52.0,52.0,52.0,2.0,,2012-AWD-SSE-AD-12884730,2012 Toyota Kluger Altitude Auto AWD MY12,2012,145000,24500,1,AWD,private,https://www.carsales.com.au/cars/details/2012-toyota-kluger-altitude-auto-awd-my12/SSE-AD-12884730/,2022-06-19 00:00:00
53,53.0,53.0,53.0,53.0,3.0,,2015-2WD-SSE-AD-12924600,2015 Toyota Kluger GX Auto 2WD,2015,66000,36990,1,2WD,private,https://www.carsales.com.au/cars/details/2015-toyota-kluger-gx-auto-2wd/SSE-AD-12924600/,2022-06-19 00:00:00
54,54.0,54.0,54.0,54.0,4.0,,2018-2WD-SSE-AD-12963037,2018 Toyota Kluger GX Auto 2WD,2018,61000,39500,1,2WD,private,https://www.carsales.com.au/cars/details/2018-toyota-kluger-gx-auto-2wd/SSE-AD-12963037/,2022-06-19 00:00:00
55,55.0,55.0,55.0,55.0,5.0,,2018-AWD-SSE-AD-12554582,2018 Toyota Kluger Grande Auto AWD,2018,64665,53990,3,AWD,private,https://www.carsales.com.au/cars/details/2018-toyota-kluger-grande-auto-awd/SSE-AD-12554582/,2022-06-19 00:00:00
56,56.0,56.0,56.0,56.0,6.0,,2019-2WD-SSE-AD-12799852,2019 Toyota Kluger GXL Auto 2WD,2019,48500,48800,2,2WD,private,https://www.carsales.com.au/cars/details/2019-toyota-kluger-gxl-auto-2wd/SSE-AD-12799852/,2022-06-19 00:00:00
57,57.0,57.0,57.0,57.0,7.0,,2018-2WD-SSE-AD-12801863,2018 Toyota Kluger Grande Auto 2WD,2018,33500,50000,3,2WD,private,https://www.carsales.com.au/cars/details/2018-toyota-kluger-grande-auto-2wd/SSE-AD-12801863/,2022-06-19 00:00:00
58,58.0,58.0,58.0,58.0,8.0,,2016-AWD-SSE-AD-12902702,2016 Toyota Kluger Grande Auto AWD,2016,125000,39990,3,AWD,private,https://www.carsales.com.au/cars/details/2016-toyota-kluger-grande-auto-awd/SSE-AD-12902702/,2022-06-19 00:00:00
59,59.0,59.0,59.0,59.0,9.0,,2018-AWD-SSE-AD-12930081,2018 Toyota Kluger GXL Auto AWD,2018,103300,41000,2,AWD,private,https://www.carsales.com.au/cars/details/2018-toyota-kluger-gxl-auto-awd/SSE-AD-12930081/,2022-06-19 00:00:00
60,60.0,60.0,60.0,60.0,10.0,,2015-2WD-SSE-AD-12720105,2015 Toyota Kluger GX Auto 2WD,2015,143000,27995,1,2WD,private,https://www.carsales.com.au/cars/details/2015-toyota-kluger-gx-auto-2wd/SSE-AD-12720105/,2022-06-19 00:00:00
61,61.0,61.0,61.0,61.0,11.0,,2014-AWD-SSE-AD-12752087,2014 Toyota Kluger Grande Auto AWD,2014,101900,37500,3,AWD,private,https://www.carsales.com.au/cars/details/2014-toyota-kluger-grande-auto-awd/SSE-AD-12752087/,2022-06-19 00:00:00
62,62.0,62.0,62.0,62.0,12.0,,2019-AWD-SSE-AD-12537255,2019 Toyota Kluger Grande Auto AWD,2019,15000,61999,3,AWD,private,https://www.carsales.com.au/cars/details/2019-toyota-kluger-grande-auto-awd/SSE-AD-12537255/,2022-06-19 00:00:00
63,63.0,63.0,63.0,63.0,13.0,,2013-AWD-SSE-AD-12854581,2013 Toyota Kluger KX-R Auto AWD,2013,99000,26000,1,AWD,private,https://www.carsales.com.au/cars/details/2013-toyota-kluger-kx-r-auto-awd/SSE-AD-12854581/,2022-06-19 00:00:00
64,64.0,64.0,64.0,64.0,0.0,,2017-2WD-SSE-AD-12934227,2017 Toyota Kluger GX Auto 2WD,2017,111000,33500,1,2WD,private,https://www.carsales.com.au/cars/details/2017-toyota-kluger-gx-auto-2wd/SSE-AD-12934227/,2022-06-19 00:00:00
65,65.0,65.0,65.0,65.0,1.0,,2015-AWD-SSE-AD-12985739,2015 Toyota Kluger Grande Auto AWD,2015,112549,41500,3,AWD,private,https://www.carsales.com.au/cars/details/2015-toyota-kluger-grande-auto-awd/SSE-AD-12985739/,2022-06-19 00:00:00
66,66.0,66.0,66.0,66.0,2.0,,2013-AWD-SSE-AD-7279042,2013 Toyota Kluger Grande Auto AWD,2013,98630,31000,3,AWD,private,https://www.carsales.com.au/cars/details/2013-toyota-kluger-grande-auto-awd/SSE-AD-7279042/,2022-06-19 00:00:00
67,67.0,67.0,67.0,67.0,3.0,,2019-AWD-SSE-AD-12617076,2019 Toyota Kluger GXL Auto AWD,2019,19649,58650,2,AWD,private,https://www.carsales.com.au/cars/details/2019-toyota-kluger-gxl-auto-awd/SSE-AD-12617076/,2022-06-19 00:00:00
68,68.0,68.0,68.0,68.0,4.0,,2014-2WD-SSE-AD-12059000,2014 Toyota Kluger Grande Auto 2WD,2014,71243,39500,3,2WD,private,https://www.carsales.com.au/cars/details/2014-toyota-kluger-grande-auto-2wd/SSE-AD-12059000/,2022-06-19 00:00:00
69,69.0,69.0,69.0,69.0,5.0,,2014-AWD-SSE-AD-12966518,2014 Toyota Kluger GX Auto AWD,2014,144226,29990,1,AWD,private,https://www.carsales.com.au/cars/details/2014-toyota-kluger-gx-auto-awd/SSE-AD-12966518/,2022-06-19 00:00:00
70,70.0,70.0,70.0,70.0,6.0,,2017-2WD-SSE-AD-12624836,2017 Toyota Kluger GX Auto 2WD,2017,67000,35990,1,2WD,private,https://www.carsales.com.au/cars/details/2017-toyota-kluger-gx-auto-2wd/SSE-AD-12624836/,2022-06-19 00:00:00
71,71.0,71.0,71.0,71.0,7.0,,2017-2WD-SSE-AD-12456464,2017 Toyota Kluger GX Auto 2WD,2017,113000,34500,1,2WD,private,https://www.carsales.com.au/cars/details/2017-toyota-kluger-gx-auto-2wd/SSE-AD-12456464/,2022-06-19 00:00:00
72,72.0,72.0,72.0,72.0,8.0,,2016-2WD-SSE-AD-12177637,2016 Toyota Kluger GXL Auto 2WD,2016,89000,38000,2,2WD,private,https://www.carsales.com.au/cars/details/2016-toyota-kluger-gxl-auto-2wd/SSE-AD-12177637/,2022-06-19 00:00:00
73,73.0,73.0,73.0,73.0,9.0,,2015-2WD-SSE-AD-12940922,2015 Toyota Kluger GX Auto 2WD,2015,146743,28500,1,2WD,private,https://www.carsales.com.au/cars/details/2015-toyota-kluger-gx-auto-2wd/SSE-AD-12940922/,2022-06-19 00:00:00
74,74.0,74.0,74.0,74.0,10.0,,2018-AWD-SSE-AD-12848247,2018 Toyota Kluger GXL Auto AWD,2018,37000,54000,2,AWD,private,https://www.carsales.com.au/cars/details/2018-toyota-kluger-gxl-auto-awd/SSE-AD-12848247/,2022-06-19 00:00:00
75,75.0,75.0,75.0,75.0,11.0,,2019-2WD-SSE-AD-12313738,2019 Toyota Kluger Grande Auto 2WD,2019,27000,58500,3,2WD,private,https://www.carsales.com.au/cars/details/2019-toyota-kluger-grande-auto-2wd/SSE-AD-12313738/,2022-06-19 00:00:00
76,76.0,76.0,76.0,0.0,,,2014-AWD-SSE-AD-13027234,2014 Toyota Kluger GXL Auto AWD,2014,112000,34000,2,AWD,private,https://www.carsales.com.au/cars/details/2014-toyota-kluger-gxl-auto-awd/SSE-AD-13027234/,2022-06-22 00:00:00
77,77.0,77.0,77.0,1.0,,,2012-AWD-SSE-AD-12884730,2012 Toyota Kluger Altitude Auto AWD MY12,2012,145000,24500,1,AWD,private,https://www.carsales.com.au/cars/details/2012-toyota-kluger-altitude-auto-awd-my12/SSE-AD-12884730/,2022-06-22 00:00:00
78,78.0,78.0,78.0,2.0,,,2012-AWD-SSE-AD-12884730,2012 Toyota Kluger Altitude Auto AWD MY12,2012,145000,24500,1,AWD,private,https://www.carsales.com.au/cars/details/2012-toyota-kluger-altitude-auto-awd-my12/SSE-AD-12884730/,2022-06-22 00:00:00
79,79.0,79.0,79.0,3.0,,,2015-2WD-SSE-AD-12924600,2015 Toyota Kluger GX Auto 2WD,2015,66000,37500,1,2WD,private,https://www.carsales.com.au/cars/details/2015-toyota-kluger-gx-auto-2wd/SSE-AD-12924600/,2022-06-22 00:00:00
80,80.0,80.0,80.0,4.0,,,2018-2WD-SSE-AD-12963037,2018 Toyota Kluger GX Auto 2WD,2018,61000,39500,1,2WD,private,https://www.carsales.com.au/cars/details/2018-toyota-kluger-gx-auto-2wd/SSE-AD-12963037/,2022-06-22 00:00:00
81,81.0,81.0,81.0,5.0,,,2014-AWD-SSE-AD-13027234,2014 Toyota Kluger GXL Auto AWD,2014,112000,34000,2,AWD,private,https://www.carsales.com.au/cars/details/2014-toyota-kluger-gxl-auto-awd/SSE-AD-13027234/,2022-06-22 00:00:00
82,82.0,82.0,82.0,6.0,,,2019-2WD-SSE-AD-12799852,2019 Toyota Kluger GXL Auto 2WD,2019,48500,48800,2,2WD,private,https://www.carsales.com.au/cars/details/2019-toyota-kluger-gxl-auto-2wd/SSE-AD-12799852/,2022-06-22 00:00:00
83,83.0,83.0,83.0,7.0,,,2018-AWD-SSE-AD-12554582,2018 Toyota Kluger Grande Auto AWD,2018,64665,53990,3,AWD,private,https://www.carsales.com.au/cars/details/2018-toyota-kluger-grande-auto-awd/SSE-AD-12554582/,2022-06-22 00:00:00
84,84.0,84.0,84.0,8.0,,,2016-AWD-SSE-AD-12902702,2016 Toyota Kluger Grande Auto AWD,2016,125000,39990,3,AWD,private,https://www.carsales.com.au/cars/details/2016-toyota-kluger-grande-auto-awd/SSE-AD-12902702/,2022-06-22 00:00:00
85,85.0,85.0,85.0,9.0,,,2018-2WD-SSE-AD-12801863,2018 Toyota Kluger Grande Auto 2WD,2018,33500,50000,3,2WD,private,https://www.carsales.com.au/cars/details/2018-toyota-kluger-grande-auto-2wd/SSE-AD-12801863/,2022-06-22 00:00:00
86,86.0,86.0,86.0,10.0,,,2018-AWD-SSE-AD-12930081,2018 Toyota Kluger GXL Auto AWD,2018,103300,39999,2,AWD,private,https://www.carsales.com.au/cars/details/2018-toyota-kluger-gxl-auto-awd/SSE-AD-12930081/,2022-06-22 00:00:00
87,87.0,87.0,87.0,11.0,,,2015-2WD-SSE-AD-12720105,2015 Toyota Kluger GX Auto 2WD,2015,143000,27995,1,2WD,private,https://www.carsales.com.au/cars/details/2015-toyota-kluger-gx-auto-2wd/SSE-AD-12720105/,2022-06-22 00:00:00
88,88.0,88.0,88.0,12.0,,,2014-AWD-SSE-AD-12752087,2014 Toyota Kluger Grande Auto AWD,2014,101900,37500,3,AWD,private,https://www.carsales.com.au/cars/details/2014-toyota-kluger-grande-auto-awd/SSE-AD-12752087/,2022-06-22 00:00:00
89,89.0,89.0,89.0,13.0,,,2019-AWD-SSE-AD-12537255,2019 Toyota Kluger Grande Auto AWD,2019,15000,61999,3,AWD,private,https://www.carsales.com.au/cars/details/2019-toyota-kluger-grande-auto-awd/SSE-AD-12537255/,2022-06-22 00:00:00
90,90.0,90.0,90.0,0.0,,,2016-AWD-SSE-AD-12447352,2016 Toyota Kluger Grande Auto AWD,2016,54000,48000,3,AWD,private,https://www.carsales.com.au/cars/details/2016-toyota-kluger-grande-auto-awd/SSE-AD-12447352/,2022-06-22 00:00:00
91,91.0,91.0,91.0,1.0,,,2015-AWD-SSE-AD-12985739,2015 Toyota Kluger Grande Auto AWD,2015,112549,41500,3,AWD,private,https://www.carsales.com.au/cars/details/2015-toyota-kluger-grande-auto-awd/SSE-AD-12985739/,2022-06-22 00:00:00
92,92.0,92.0,92.0,2.0,,,2017-2WD-SSE-AD-12934227,2017 Toyota Kluger GX Auto 2WD,2017,111000,33500,1,2WD,private,https://www.carsales.com.au/cars/details/2017-toyota-kluger-gx-auto-2wd/SSE-AD-12934227/,2022-06-22 00:00:00
93,93.0,93.0,93.0,3.0,,,2014-AWD-SSE-AD-12621245,2014 Toyota Kluger GX Auto AWD,2014,91275,30900,1,AWD,private,https://www.carsales.com.au/cars/details/2014-toyota-kluger-gx-auto-awd/SSE-AD-12621245/,2022-06-22 00:00:00
94,94.0,94.0,94.0,4.0,,,2011-2WD-SSE-AD-13015561,2011 Toyota Kluger KX-S Auto 2WD MY11,2011,141000,23700,2,2WD,private,https://www.carsales.com.au/cars/details/2011-toyota-kluger-kx-s-auto-2wd-my11/SSE-AD-13015561/,2022-06-22 00:00:00
95,95.0,95.0,95.0,5.0,,,2014-2WD-SSE-AD-12059000,2014 Toyota Kluger Grande Auto 2WD,2014,71243,39500,3,2WD,private,https://www.carsales.com.au/cars/details/2014-toyota-kluger-grande-auto-2wd/SSE-AD-12059000/,2022-06-22 00:00:00
96,96.0,96.0,96.0,6.0,,,2019-AWD-SSE-AD-12617076,2019 Toyota Kluger GXL Auto AWD,2019,19649,58650,2,AWD,private,https://www.carsales.com.au/cars/details/2019-toyota-kluger-gxl-auto-awd/SSE-AD-12617076/,2022-06-22 00:00:00
97,97.0,97.0,97.0,7.0,,,2012-2WD-SSE-AD-13032270,2012 Toyota Kluger Altitude Auto 2WD MY12,2012,145842,24000,1,2WD,private,https://www.carsales.com.au/cars/details/2012-toyota-kluger-altitude-auto-2wd-my12/SSE-AD-13032270/,2022-06-22 00:00:00
98,98.0,98.0,98.0,8.0,,,2017-2WD-SSE-AD-12624836,2017 Toyota Kluger GX Auto 2WD,2017,67000,34999,1,2WD,private,https://www.carsales.com.au/cars/details/2017-toyota-kluger-gx-auto-2wd/SSE-AD-12624836/,2022-06-22 00:00:00
99,99.0,99.0,99.0,9.0,,,2014-AWD-SSE-AD-12966518,2014 Toyota Kluger GX Auto AWD,2014,144226,28990,1,AWD,private,https://www.carsales.com.au/cars/details/2014-toyota-kluger-gx-auto-awd/SSE-AD-12966518/,2022-06-22 00:00:00
100,100.0,100.0,100.0,10.0,,,2017-2WD-SSE-AD-12456464,2017 Toyota Kluger GX Auto 2WD,2017,113000,34500,1,2WD,private,https://www.carsales.com.au/cars/details/2017-toyota-kluger-gx-auto-2wd/SSE-AD-12456464/,2022-06-22 00:00:00
101,101.0,101.0,101.0,11.0,,,2016-2WD-SSE-AD-12177637,2016 Toyota Kluger GXL Auto 2WD,2016,89000,38000,2,2WD,private,https://www.carsales.com.au/cars/details/2016-toyota-kluger-gxl-auto-2wd/SSE-AD-12177637/,2022-06-22 00:00:00
102,102.0,102.0,102.0,0.0,,,2018-AWD-SSE-AD-12848247,2018 Toyota Kluger GXL Auto AWD,2018,37000,54000,2,AWD,private,https://www.carsales.com.au/cars/details/2018-toyota-kluger-gxl-auto-awd/SSE-AD-12848247/,2022-06-22 00:00:00
103,103.0,103.0,103.0,1.0,,,2019-2WD-SSE-AD-12313738,2019 Toyota Kluger Grande Auto 2WD,2019,27000,58500,3,2WD,private,https://www.carsales.com.au/cars/details/2019-toyota-kluger-grande-auto-2wd/SSE-AD-12313738/,2022-06-22 00:00:00
104,104.0,104.0,0.0,,,,2015-2WD-SSE-AD-12924600,2015 Toyota Kluger GX Auto 2WD,2015,66000,37500,1,2WD,private,https://www.carsales.com.au/cars/details/2015-toyota-kluger-gx-auto-2wd/SSE-AD-12924600/,2022-06-22 00:00:00
105,105.0,105.0,1.0,,,,2014-AWD-SSE-AD-13027234,2014 Toyota Kluger GXL Auto AWD,2014,112000,34000,2,AWD,private,https://www.carsales.com.au/cars/details/2014-toyota-kluger-gxl-auto-awd/SSE-AD-13027234/,2022-06-22 00:00:00
106,106.0,106.0,2.0,,,,2012-AWD-SSE-AD-12884730,2012 Toyota Kluger Altitude Auto AWD MY12,2012,145000,24500,1,AWD,private,https://www.carsales.com.au/cars/details/2012-toyota-kluger-altitude-auto-awd-my12/SSE-AD-12884730/,2022-06-22 00:00:00
107,107.0,107.0,3.0,,,,2015-2WD-SSE-AD-12924600,2015 Toyota Kluger GX Auto 2WD,2015,66000,37500,1,2WD,private,https://www.carsales.com.au/cars/details/2015-toyota-kluger-gx-auto-2wd/SSE-AD-12924600/,2022-06-22 00:00:00
108,108.0,108.0,4.0,,,,2018-2WD-SSE-AD-12963037,2018 Toyota Kluger GX Auto 2WD,2018,61000,39500,1,2WD,private,https://www.carsales.com.au/cars/details/2018-toyota-kluger-gx-auto-2wd/SSE-AD-12963037/,2022-06-22 00:00:00
109,109.0,109.0,5.0,,,,2014-AWD-SSE-AD-13027234,2014 Toyota Kluger GXL Auto AWD,2014,112000,34000,2,AWD,private,https://www.carsales.com.au/cars/details/2014-toyota-kluger-gxl-auto-awd/SSE-AD-13027234/,2022-06-22 00:00:00
110,110.0,110.0,6.0,,,,2019-2WD-SSE-AD-12799852,2019 Toyota Kluger GXL Auto 2WD,2019,48500,48800,2,2WD,private,https://www.carsales.com.au/cars/details/2019-toyota-kluger-gxl-auto-2wd/SSE-AD-12799852/,2022-06-22 00:00:00
111,111.0,111.0,7.0,,,,2018-AWD-SSE-AD-12554582,2018 Toyota Kluger Grande Auto AWD,2018,64665,53990,3,AWD,private,https://www.carsales.com.au/cars/details/2018-toyota-kluger-grande-auto-awd/SSE-AD-12554582/,2022-06-22 00:00:00
112,112.0,112.0,8.0,,,,2016-AWD-SSE-AD-12902702,2016 Toyota Kluger Grande Auto AWD,2016,125000,39990,3,AWD,private,https://www.carsales.com.au/cars/details/2016-toyota-kluger-grande-auto-awd/SSE-AD-12902702/,2022-06-22 00:00:00
113,113.0,113.0,9.0,,,,2018-2WD-SSE-AD-12801863,2018 Toyota Kluger Grande Auto 2WD,2018,33500,50000,3,2WD,private,https://www.carsales.com.au/cars/details/2018-toyota-kluger-grande-auto-2wd/SSE-AD-12801863/,2022-06-22 00:00:00
114,114.0,114.0,10.0,,,,2018-AWD-SSE-AD-12930081,2018 Toyota Kluger GXL Auto AWD,2018,103300,39999,2,AWD,private,https://www.carsales.com.au/cars/details/2018-toyota-kluger-gxl-auto-awd/SSE-AD-12930081/,2022-06-22 00:00:00
115,115.0,115.0,11.0,,,,2015-2WD-SSE-AD-12720105,2015 Toyota Kluger GX Auto 2WD,2015,143000,27995,1,2WD,private,https://www.carsales.com.au/cars/details/2015-toyota-kluger-gx-auto-2wd/SSE-AD-12720105/,2022-06-22 00:00:00
116,116.0,116.0,12.0,,,,2014-AWD-SSE-AD-12752087,2014 Toyota Kluger Grande Auto AWD,2014,101900,37500,3,AWD,private,https://www.carsales.com.au/cars/details/2014-toyota-kluger-grande-auto-awd/SSE-AD-12752087/,2022-06-22 00:00:00
117,117.0,117.0,13.0,,,,2019-AWD-SSE-AD-12537255,2019 Toyota Kluger Grande Auto AWD,2019,15000,61999,3,AWD,private,https://www.carsales.com.au/cars/details/2019-toyota-kluger-grande-auto-awd/SSE-AD-12537255/,2022-06-22 00:00:00
118,118.0,118.0,0.0,,,,2016-AWD-SSE-AD-12447352,2016 Toyota Kluger Grande Auto AWD,2016,54000,48000,3,AWD,private,https://www.carsales.com.au/cars/details/2016-toyota-kluger-grande-auto-awd/SSE-AD-12447352/,2022-06-22 00:00:00
119,119.0,119.0,1.0,,,,2015-AWD-SSE-AD-12985739,2015 Toyota Kluger Grande Auto AWD,2015,112549,41500,3,AWD,private,https://www.carsales.com.au/cars/details/2015-toyota-kluger-grande-auto-awd/SSE-AD-12985739/,2022-06-22 00:00:00
120,120.0,120.0,2.0,,,,2017-2WD-SSE-AD-12934227,2017 Toyota Kluger GX Auto 2WD,2017,111000,33500,1,2WD,private,https://www.carsales.com.au/cars/details/2017-toyota-kluger-gx-auto-2wd/SSE-AD-12934227/,2022-06-22 00:00:00
121,121.0,121.0,3.0,,,,2014-AWD-SSE-AD-12621245,2014 Toyota Kluger GX Auto AWD,2014,91275,30900,1,AWD,private,https://www.carsales.com.au/cars/details/2014-toyota-kluger-gx-auto-awd/SSE-AD-12621245/,2022-06-22 00:00:00
122,122.0,122.0,4.0,,,,2011-2WD-SSE-AD-13015561,2011 Toyota Kluger KX-S Auto 2WD MY11,2011,141000,23700,2,2WD,private,https://www.carsales.com.au/cars/details/2011-toyota-kluger-kx-s-auto-2wd-my11/SSE-AD-13015561/,2022-06-22 00:00:00
123,123.0,123.0,5.0,,,,2014-2WD-SSE-AD-12059000,2014 Toyota Kluger Grande Auto 2WD,2014,71243,39500,3,2WD,private,https://www.carsales.com.au/cars/details/2014-toyota-kluger-grande-auto-2wd/SSE-AD-12059000/,2022-06-22 00:00:00
124,124.0,124.0,6.0,,,,2019-AWD-SSE-AD-12617076,2019 Toyota Kluger GXL Auto AWD,2019,19649,58650,2,AWD,private,https://www.carsales.com.au/cars/details/2019-toyota-kluger-gxl-auto-awd/SSE-AD-12617076/,2022-06-22 00:00:00
125,125.0,125.0,7.0,,,,2012-2WD-SSE-AD-13032270,2012 Toyota Kluger Altitude Auto 2WD MY12,2012,145842,24000,1,2WD,private,https://www.carsales.com.au/cars/details/2012-toyota-kluger-altitude-auto-2wd-my12/SSE-AD-13032270/,2022-06-22 00:00:00
126,126.0,126.0,8.0,,,,2017-2WD-SSE-AD-12624836,2017 Toyota Kluger GX Auto 2WD,2017,67000,34999,1,2WD,private,https://www.carsales.com.au/cars/details/2017-toyota-kluger-gx-auto-2wd/SSE-AD-12624836/,2022-06-22 00:00:00
127,127.0,127.0,9.0,,,,2014-AWD-SSE-AD-12966518,2014 Toyota Kluger GX Auto AWD,2014,144226,28990,1,AWD,private,https://www.carsales.com.au/cars/details/2014-toyota-kluger-gx-auto-awd/SSE-AD-12966518/,2022-06-22 00:00:00
128,128.0,128.0,10.0,,,,2017-2WD-SSE-AD-12456464,2017 Toyota Kluger GX Auto 2WD,2017,113000,34500,1,2WD,private,https://www.carsales.com.au/cars/details/2017-toyota-kluger-gx-auto-2wd/SSE-AD-12456464/,2022-06-22 00:00:00
129,129.0,129.0,11.0,,,,2016-2WD-SSE-AD-12177637,2016 Toyota Kluger GXL Auto 2WD,2016,89000,38000,2,2WD,private,https://www.carsales.com.au/cars/details/2016-toyota-kluger-gxl-auto-2wd/SSE-AD-12177637/,2022-06-22 00:00:00
130,130.0,130.0,0.0,,,,2018-AWD-SSE-AD-12848247,2018 Toyota Kluger GXL Auto AWD,2018,37000,54000,2,AWD,private,https://www.carsales.com.au/cars/details/2018-toyota-kluger-gxl-auto-awd/SSE-AD-12848247/,2022-06-22 00:00:00
131,131.0,131.0,1.0,,,,2019-2WD-SSE-AD-12313738,2019 Toyota Kluger Grande Auto 2WD,2019,27000,58500,3,2WD,private,https://www.carsales.com.au/cars/details/2019-toyota-kluger-grande-auto-2wd/SSE-AD-12313738/,2022-06-22 00:00:00
132,132.0,0.0,,,,,2014-AWD-SSE-AD-13027234,2014 Toyota Kluger GXL Auto AWD,2014,112000,34000,2,AWD,private,https://www.carsales.com.au/cars/details/2014-toyota-kluger-gxl-auto-awd/SSE-AD-13027234/,2022-06-22 00:00:00
133,133.0,1.0,,,,,2018-2WD-SSE-AD-12963037,2018 Toyota Kluger GX Auto 2WD,2018,61000,39500,1,2WD,private,https://www.carsales.com.au/cars/details/2018-toyota-kluger-gx-auto-2wd/SSE-AD-12963037/,2022-06-22 00:00:00
134,134.0,2.0,,,,,2012-AWD-SSE-AD-12884730,2012 Toyota Kluger Altitude Auto AWD MY12,2012,145000,24500,1,AWD,private,https://www.carsales.com.au/cars/details/2012-toyota-kluger-altitude-auto-awd-my12/SSE-AD-12884730/,2022-06-22 00:00:00
135,135.0,3.0,,,,,2015-2WD-SSE-AD-12924600,2015 Toyota Kluger GX Auto 2WD,2015,66000,37500,1,2WD,private,https://www.carsales.com.au/cars/details/2015-toyota-kluger-gx-auto-2wd/SSE-AD-12924600/,2022-06-22 00:00:00
136,136.0,4.0,,,,,2018-2WD-SSE-AD-12963037,2018 Toyota Kluger GX Auto 2WD,2018,61000,39500,1,2WD,private,https://www.carsales.com.au/cars/details/2018-toyota-kluger-gx-auto-2wd/SSE-AD-12963037/,2022-06-22 00:00:00
137,137.0,5.0,,,,,2014-AWD-SSE-AD-13027234,2014 Toyota Kluger GXL Auto AWD,2014,112000,34000,2,AWD,private,https://www.carsales.com.au/cars/details/2014-toyota-kluger-gxl-auto-awd/SSE-AD-13027234/,2022-06-22 00:00:00
138,138.0,6.0,,,,,2019-2WD-SSE-AD-12799852,2019 Toyota Kluger GXL Auto 2WD,2019,48500,48800,2,2WD,private,https://www.carsales.com.au/cars/details/2019-toyota-kluger-gxl-auto-2wd/SSE-AD-12799852/,2022-06-22 00:00:00
139,139.0,7.0,,,,,2018-AWD-SSE-AD-12554582,2018 Toyota Kluger Grande Auto AWD,2018,64665,53990,3,AWD,private,https://www.carsales.com.au/cars/details/2018-toyota-kluger-grande-auto-awd/SSE-AD-12554582/,2022-06-22 00:00:00
140,140.0,8.0,,,,,2016-AWD-SSE-AD-12902702,2016 Toyota Kluger Grande Auto AWD,2016,125000,39990,3,AWD,private,https://www.carsales.com.au/cars/details/2016-toyota-kluger-grande-auto-awd/SSE-AD-12902702/,2022-06-22 00:00:00
141,141.0,9.0,,,,,2018-2WD-SSE-AD-12801863,2018 Toyota Kluger Grande Auto 2WD,2018,33500,50000,3,2WD,private,https://www.carsales.com.au/cars/details/2018-toyota-kluger-grande-auto-2wd/SSE-AD-12801863/,2022-06-22 00:00:00
142,142.0,10.0,,,,,2018-AWD-SSE-AD-12930081,2018 Toyota Kluger GXL Auto AWD,2018,103300,39999,2,AWD,private,https://www.carsales.com.au/cars/details/2018-toyota-kluger-gxl-auto-awd/SSE-AD-12930081/,2022-06-22 00:00:00
143,143.0,11.0,,,,,2015-2WD-SSE-AD-12720105,2015 Toyota Kluger GX Auto 2WD,2015,143000,27995,1,2WD,private,https://www.carsales.com.au/cars/details/2015-toyota-kluger-gx-auto-2wd/SSE-AD-12720105/,2022-06-22 00:00:00
144,144.0,12.0,,,,,2014-AWD-SSE-AD-12752087,2014 Toyota Kluger Grande Auto AWD,2014,101900,37500,3,AWD,private,https://www.carsales.com.au/cars/details/2014-toyota-kluger-grande-auto-awd/SSE-AD-12752087/,2022-06-22 00:00:00
145,145.0,13.0,,,,,2019-AWD-SSE-AD-12537255,2019 Toyota Kluger Grande Auto AWD,2019,15000,61999,3,AWD,private,https://www.carsales.com.au/cars/details/2019-toyota-kluger-grande-auto-awd/SSE-AD-12537255/,2022-06-22 00:00:00
146,146.0,0.0,,,,,2016-AWD-SSE-AD-12447352,2016 Toyota Kluger Grande Auto AWD,2016,54000,48000,3,AWD,private,https://www.carsales.com.au/cars/details/2016-toyota-kluger-grande-auto-awd/SSE-AD-12447352/,2022-06-22 00:00:00
147,147.0,1.0,,,,,2015-AWD-SSE-AD-12985739,2015 Toyota Kluger Grande Auto AWD,2015,112549,41500,3,AWD,private,https://www.carsales.com.au/cars/details/2015-toyota-kluger-grande-auto-awd/SSE-AD-12985739/,2022-06-22 00:00:00
148,148.0,2.0,,,,,2017-2WD-SSE-AD-12934227,2017 Toyota Kluger GX Auto 2WD,2017,111000,33500,1,2WD,private,https://www.carsales.com.au/cars/details/2017-toyota-kluger-gx-auto-2wd/SSE-AD-12934227/,2022-06-22 00:00:00
149,149.0,3.0,,,,,2014-AWD-SSE-AD-12621245,2014 Toyota Kluger GX Auto AWD,2014,91275,30900,1,AWD,private,https://www.carsales.com.au/cars/details/2014-toyota-kluger-gx-auto-awd/SSE-AD-12621245/,2022-06-22 00:00:00
150,150.0,4.0,,,,,2011-2WD-SSE-AD-13015561,2011 Toyota Kluger KX-S Auto 2WD MY11,2011,141000,23700,2,2WD,private,https://www.carsales.com.au/cars/details/2011-toyota-kluger-kx-s-auto-2wd-my11/SSE-AD-13015561/,2022-06-22 00:00:00
151,151.0,5.0,,,,,2014-2WD-SSE-AD-12059000,2014 Toyota Kluger Grande Auto 2WD,2014,71243,39500,3,2WD,private,https://www.carsales.com.au/cars/details/2014-toyota-kluger-grande-auto-2wd/SSE-AD-12059000/,2022-06-22 00:00:00
152,152.0,6.0,,,,,2019-AWD-SSE-AD-12617076,2019 Toyota Kluger GXL Auto AWD,2019,19649,58650,2,AWD,private,https://www.carsales.com.au/cars/details/2019-toyota-kluger-gxl-auto-awd/SSE-AD-12617076/,2022-06-22 00:00:00
153,153.0,7.0,,,,,2012-2WD-SSE-AD-13032270,2012 Toyota Kluger Altitude Auto 2WD MY12,2012,145842,24000,1,2WD,private,https://www.carsales.com.au/cars/details/2012-toyota-kluger-altitude-auto-2wd-my12/SSE-AD-13032270/,2022-06-22 00:00:00
154,154.0,8.0,,,,,2017-2WD-SSE-AD-12624836,2017 Toyota Kluger GX Auto 2WD,2017,67000,34999,1,2WD,private,https://www.carsales.com.au/cars/details/2017-toyota-kluger-gx-auto-2wd/SSE-AD-12624836/,2022-06-22 00:00:00
155,155.0,9.0,,,,,2014-AWD-SSE-AD-12966518,2014 Toyota Kluger GX Auto AWD,2014,144226,28990,1,AWD,private,https://www.carsales.com.au/cars/details/2014-toyota-kluger-gx-auto-awd/SSE-AD-12966518/,2022-06-22 00:00:00
156,156.0,10.0,,,,,2017-2WD-SSE-AD-12456464,2017 Toyota Kluger GX Auto 2WD,2017,113000,34500,1,2WD,private,https://www.carsales.com.au/cars/details/2017-toyota-kluger-gx-auto-2wd/SSE-AD-12456464/,2022-06-22 00:00:00
157,157.0,11.0,,,,,2016-2WD-SSE-AD-12177637,2016 Toyota Kluger GXL Auto 2WD,2016,89000,38000,2,2WD,private,https://www.carsales.com.au/cars/details/2016-toyota-kluger-gxl-auto-2wd/SSE-AD-12177637/,2022-06-22 00:00:00
158,158.0,0.0,,,,,2018-AWD-SSE-AD-12848247,2018 Toyota Kluger GXL Auto AWD,2018,37000,54000,2,AWD,private,https://www.carsales.com.au/cars/details/2018-toyota-kluger-gxl-auto-awd/SSE-AD-12848247/,2022-06-22 00:00:00
159,159.0,1.0,,,,,2019-2WD-SSE-AD-12313738,2019 Toyota Kluger Grande Auto 2WD,2019,27000,58500,3,2WD,private,https://www.carsales.com.au/cars/details/2019-toyota-kluger-grande-auto-2wd/SSE-AD-12313738/,2022-06-22 00:00:00
160,0.0,,,,,,2015-2WD-SSE-AD-12924600,2015 Toyota Kluger GX Auto 2WD,2015,66000,37500,1,2WD,private,https://www.carsales.com.au/cars/details/2015-toyota-kluger-gx-auto-2wd/SSE-AD-12924600/,2022-06-22 00:00:00
161,1.0,,,,,,2012-AWD-SSE-AD-12884730,2012 Toyota Kluger Altitude Auto AWD MY12,2012,145000,24500,1,AWD,private,https://www.carsales.com.au/cars/details/2012-toyota-kluger-altitude-auto-awd-my12/SSE-AD-12884730/,2022-06-22 00:00:00
162,2.0,,,,,,2012-AWD-SSE-AD-12884730,2012 Toyota Kluger Altitude Auto AWD MY12,2012,145000,24500,1,AWD,private,https://www.carsales.com.au/cars/details/2012-toyota-kluger-altitude-auto-awd-my12/SSE-AD-12884730/,2022-06-22 00:00:00
163,3.0,,,,,,2015-2WD-SSE-AD-12924600,2015 Toyota Kluger GX Auto 2WD,2015,66000,37500,1,2WD,private,https://www.carsales.com.au/cars/details/2015-toyota-kluger-gx-auto-2wd/SSE-AD-12924600/,2022-06-22 00:00:00
164,4.0,,,,,,2018-2WD-SSE-AD-12963037,2018 Toyota Kluger GX Auto 2WD,2018,61000,39500,1,2WD,private,https://www.carsales.com.au/cars/details/2018-toyota-kluger-gx-auto-2wd/SSE-AD-12963037/,2022-06-22 00:00:00
165,5.0,,,,,,2014-AWD-SSE-AD-13027234,2014 Toyota Kluger GXL Auto AWD,2014,112000,34000,2,AWD,private,https://www.carsales.com.au/cars/details/2014-toyota-kluger-gxl-auto-awd/SSE-AD-13027234/,2022-06-22 00:00:00
166,6.0,,,,,,2019-2WD-SSE-AD-12799852,2019 Toyota Kluger GXL Auto 2WD,2019,48500,48800,2,2WD,private,https://www.carsales.com.au/cars/details/2019-toyota-kluger-gxl-auto-2wd/SSE-AD-12799852/,2022-06-22 00:00:00
167,7.0,,,,,,2018-AWD-SSE-AD-12554582,2018 Toyota Kluger Grande Auto AWD,2018,64665,53990,3,AWD,private,https://www.carsales.com.au/cars/details/2018-toyota-kluger-grande-auto-awd/SSE-AD-12554582/,2022-06-22 00:00:00
168,8.0,,,,,,2016-AWD-SSE-AD-12902702,2016 Toyota Kluger Grande Auto AWD,2016,125000,39990,3,AWD,private,https://www.carsales.com.au/cars/details/2016-toyota-kluger-grande-auto-awd/SSE-AD-12902702/,2022-06-22 00:00:00
169,9.0,,,,,,2018-2WD-SSE-AD-12801863,2018 Toyota Kluger Grande Auto 2WD,2018,33500,50000,3,2WD,private,https://www.carsales.com.au/cars/details/2018-toyota-kluger-grande-auto-2wd/SSE-AD-12801863/,2022-06-22 00:00:00
170,10.0,,,,,,2018-AWD-SSE-AD-12930081,2018 Toyota Kluger GXL Auto AWD,2018,103300,39999,2,AWD,private,https://www.carsales.com.au/cars/details/2018-toyota-kluger-gxl-auto-awd/SSE-AD-12930081/,2022-06-22 00:00:00
171,11.0,,,,,,2015-2WD-SSE-AD-12720105,2015 Toyota Kluger GX Auto 2WD,2015,143000,27995,1,2WD,private,https://www.carsales.com.au/cars/details/2015-toyota-kluger-gx-auto-2wd/SSE-AD-12720105/,2022-06-22 00:00:00
172,12.0,,,,,,2014-AWD-SSE-AD-12752087,2014 Toyota Kluger Grande Auto AWD,2014,101900,37500,3,AWD,private,https://www.carsales.com.au/cars/details/2014-toyota-kluger-grande-auto-awd/SSE-AD-12752087/,2022-06-22 00:00:00
173,13.0,,,,,,2019-AWD-SSE-AD-12537255,2019 Toyota Kluger Grande Auto AWD,2019,15000,61999,3,AWD,private,https://www.carsales.com.au/cars/details/2019-toyota-kluger-grande-auto-awd/SSE-AD-12537255/,2022-06-22 00:00:00
174,0.0,,,,,,2016-AWD-SSE-AD-12447352,2016 Toyota Kluger Grande Auto AWD,2016,54000,48000,3,AWD,private,https://www.carsales.com.au/cars/details/2016-toyota-kluger-grande-auto-awd/SSE-AD-12447352/,2022-06-22 00:00:00
175,1.0,,,,,,2015-AWD-SSE-AD-12985739,2015 Toyota Kluger Grande Auto AWD,2015,112549,41500,3,AWD,private,https://www.carsales.com.au/cars/details/2015-toyota-kluger-grande-auto-awd/SSE-AD-12985739/,2022-06-22 00:00:00
176,2.0,,,,,,2017-2WD-SSE-AD-12934227,2017 Toyota Kluger GX Auto 2WD,2017,111000,33500,1,2WD,private,https://www.carsales.com.au/cars/details/2017-toyota-kluger-gx-auto-2wd/SSE-AD-12934227/,2022-06-22 00:00:00
177,3.0,,,,,,2014-AWD-SSE-AD-12621245,2014 Toyota Kluger GX Auto AWD,2014,91275,30900,1,AWD,private,https://www.carsales.com.au/cars/details/2014-toyota-kluger-gx-auto-awd/SSE-AD-12621245/,2022-06-22 00:00:00
178,4.0,,,,,,2011-2WD-SSE-AD-13015561,2011 Toyota Kluger KX-S Auto 2WD MY11,2011,141000,23700,2,2WD,private,https://www.carsales.com.au/cars/details/2011-toyota-kluger-kx-s-auto-2wd-my11/SSE-AD-13015561/,2022-06-22 00:00:00
179,5.0,,,,,,2014-2WD-SSE-AD-12059000,2014 Toyota Kluger Grande Auto 2WD,2014,71243,39500,3,2WD,private,https://www.carsales.com.au/cars/details/2014-toyota-kluger-grande-auto-2wd/SSE-AD-12059000/,2022-06-22 00:00:00
180,6.0,,,,,,2019-AWD-SSE-AD-12617076,2019 Toyota Kluger GXL Auto AWD,2019,19649,58650,2,AWD,private,https://www.carsales.com.au/cars/details/2019-toyota-kluger-gxl-auto-awd/SSE-AD-12617076/,2022-06-22 00:00:00
181,7.0,,,,,,2012-2WD-SSE-AD-13032270,2012 Toyota Kluger Altitude Auto 2WD MY12,2012,145842,24000,1,2WD,private,https://www.carsales.com.au/cars/details/2012-toyota-kluger-altitude-auto-2wd-my12/SSE-AD-13032270/,2022-06-22 00:00:00
182,8.0,,,,,,2017-2WD-SSE-AD-12624836,2017 Toyota Kluger GX Auto 2WD,2017,67000,34999,1,2WD,private,https://www.carsales.com.au/cars/details/2017-toyota-kluger-gx-auto-2wd/SSE-AD-12624836/,2022-06-22 00:00:00
183,9.0,,,,,,2014-AWD-SSE-AD-12966518,2014 Toyota Kluger GX Auto AWD,2014,144226,28990,1,AWD,private,https://www.carsales.com.au/cars/details/2014-toyota-kluger-gx-auto-awd/SSE-AD-12966518/,2022-06-22 00:00:00
184,10.0,,,,,,2017-2WD-SSE-AD-12456464,2017 Toyota Kluger GX Auto 2WD,2017,113000,34500,1,2WD,private,https://www.carsales.com.au/cars/details/2017-toyota-kluger-gx-auto-2wd/SSE-AD-12456464/,2022-06-22 00:00:00
185,11.0,,,,,,2016-2WD-SSE-AD-12177637,2016 Toyota Kluger GXL Auto 2WD,2016,89000,38000,2,2WD,private,https://www.carsales.com.au/cars/details/2016-toyota-kluger-gxl-auto-2wd/SSE-AD-12177637/,2022-06-22 00:00:00
186,0.0,,,,,,2018-AWD-SSE-AD-12848247,2018 Toyota Kluger GXL Auto AWD,2018,37000,54000,2,AWD,private,https://www.carsales.com.au/cars/details/2018-toyota-kluger-gxl-auto-awd/SSE-AD-12848247/,2022-06-22 00:00:00
187,1.0,,,,,,2019-2WD-SSE-AD-12313738,2019 Toyota Kluger Grande Auto 2WD,2019,27000,58500,3,2WD,private,https://www.carsales.com.au/cars/details/2019-toyota-kluger-grande-auto-2wd/SSE-AD-12313738/,2022-06-22 00:00:00
0,,,,,,,2018-2WD-SSE-AD-12963037,2018 Toyota Kluger GX Auto 2WD,2018,61000,39500,1,2WD,private,https://www.carsales.com.au/cars/details/2018-toyota-kluger-gx-auto-2wd/SSE-AD-12963037/,2022-06-22 00:00:00
1,,,,,,,2015-2WD-SSE-AD-12924600,2015 Toyota Kluger GX Auto 2WD,2015,66000,37500,1,2WD,private,https://www.carsales.com.au/cars/details/2015-toyota-kluger-gx-auto-2wd/SSE-AD-12924600/,2022-06-22 00:00:00
2,,,,,,,2012-AWD-SSE-AD-12884730,2012 Toyota Kluger Altitude Auto AWD MY12,2012,145000,24500,1,AWD,private,https://www.carsales.com.au/cars/details/2012-toyota-kluger-altitude-auto-awd-my12/SSE-AD-12884730/,2022-06-22 00:00:00
3,,,,,,,2015-2WD-SSE-AD-12924600,2015 Toyota Kluger GX Auto 2WD,2015,66000,37500,1,2WD,private,https://www.carsales.com.au/cars/details/2015-toyota-kluger-gx-auto-2wd/SSE-AD-12924600/,2022-06-22 00:00:00
4,,,,,,,2018-2WD-SSE-AD-12963037,2018 Toyota Kluger GX Auto 2WD,2018,61000,39500,1,2WD,private,https://www.carsales.com.au/cars/details/2018-toyota-kluger-gx-auto-2wd/SSE-AD-12963037/,2022-06-22 00:00:00
5,,,,,,,2014-AWD-SSE-AD-13027234,2014 Toyota Kluger GXL Auto AWD,2014,112000,34000,2,AWD,private,https://www.carsales.com.au/cars/details/2014-toyota-kluger-gxl-auto-awd/SSE-AD-13027234/,2022-06-22 00:00:00
6,,,,,,,2019-2WD-SSE-AD-12799852,2019 Toyota Kluger GXL Auto 2WD,2019,48500,48800,2,2WD,private,https://www.carsales.com.au/cars/details/2019-toyota-kluger-gxl-auto-2wd/SSE-AD-12799852/,2022-06-22 00:00:00
7,,,,,,,2018-AWD-SSE-AD-12554582,2018 Toyota Kluger Grande Auto AWD,2018,64665,53990,3,AWD,private,https://www.carsales.com.au/cars/details/2018-toyota-kluger-grande-auto-awd/SSE-AD-12554582/,2022-06-22 00:00:00
8,,,,,,,2016-AWD-SSE-AD-12902702,2016 Toyota Kluger Grande Auto AWD,2016,125000,39990,3,AWD,private,https://www.carsales.com.au/cars/details/2016-toyota-kluger-grande-auto-awd/SSE-AD-12902702/,2022-06-22 00:00:00
9,,,,,,,2018-2WD-SSE-AD-12801863,2018 Toyota Kluger Grande Auto 2WD,2018,33500,50000,3,2WD,private,https://www.carsales.com.au/cars/details/2018-toyota-kluger-grande-auto-2wd/SSE-AD-12801863/,2022-06-22 00:00:00
10,,,,,,,2018-AWD-SSE-AD-12930081,2018 Toyota Kluger GXL Auto AWD,2018,103300,39999,2,AWD,private,https://www.carsales.com.au/cars/details/2018-toyota-kluger-gxl-auto-awd/SSE-AD-12930081/,2022-06-22 00:00:00
11,,,,,,,2015-2WD-SSE-AD-12720105,2015 Toyota Kluger GX Auto 2WD,2015,143000,27995,1,2WD,private,https://www.carsales.com.au/cars/details/2015-toyota-kluger-gx-auto-2wd/SSE-AD-12720105/,2022-06-22 00:00:00
12,,,,,,,2014-AWD-SSE-AD-12752087,2014 Toyota Kluger Grande Auto AWD,2014,101900,37500,3,AWD,private,https://www.carsales.com.au/cars/details/2014-toyota-kluger-grande-auto-awd/SSE-AD-12752087/,2022-06-22 00:00:00
13,,,,,,,2019-AWD-SSE-AD-12537255,2019 Toyota Kluger Grande Auto AWD,2019,15000,61999,3,AWD,private,https://www.carsales.com.au/cars/details/2019-toyota-kluger-grande-auto-awd/SSE-AD-12537255/,2022-06-22 00:00:00
0,,,,,,,2016-AWD-SSE-AD-12447352,2016 Toyota Kluger Grande Auto AWD,2016,54000,48000,3,AWD,private,https://www.carsales.com.au/cars/details/2016-toyota-kluger-grande-auto-awd/SSE-AD-12447352/,2022-06-22 00:00:00
1,,,,,,,2015-AWD-SSE-AD-12985739,2015 Toyota Kluger Grande Auto AWD,2015,112549,41500,3,AWD,private,https://www.carsales.com.au/cars/details/2015-toyota-kluger-grande-auto-awd/SSE-AD-12985739/,2022-06-22 00:00:00
2,,,,,,,2017-2WD-SSE-AD-12934227,2017 Toyota Kluger GX Auto 2WD,2017,111000,33500,1,2WD,private,https://www.carsales.com.au/cars/details/2017-toyota-kluger-gx-auto-2wd/SSE-AD-12934227/,2022-06-22 00:00:00
3,,,,,,,2014-AWD-SSE-AD-12621245,2014 Toyota Kluger GX Auto AWD,2014,91275,30900,1,AWD,private,https://www.carsales.com.au/cars/details/2014-toyota-kluger-gx-auto-awd/SSE-AD-12621245/,2022-06-22 00:00:00
4,,,,,,,2011-2WD-SSE-AD-13015561,2011 Toyota Kluger KX-S Auto 2WD MY11,2011,141000,23700,2,2WD,private,https://www.carsales.com.au/cars/details/2011-toyota-kluger-kx-s-auto-2wd-my11/SSE-AD-13015561/,2022-06-22 00:00:00
5,,,,,,,2014-2WD-SSE-AD-12059000,2014 Toyota Kluger Grande Auto 2WD,2014,71243,39500,3,2WD,private,https://www.carsales.com.au/cars/details/2014-toyota-kluger-grande-auto-2wd/SSE-AD-12059000/,2022-06-22 00:00:00
6,,,,,,,2019-AWD-SSE-AD-12617076,2019 Toyota Kluger GXL Auto AWD,2019,19649,58650,2,AWD,private,https://www.carsales.com.au/cars/details/2019-toyota-kluger-gxl-auto-awd/SSE-AD-12617076/,2022-06-22 00:00:00
7,,,,,,,2012-2WD-SSE-AD-13032270,2012 Toyota Kluger Altitude Auto 2WD MY12,2012,145842,24000,1,2WD,private,https://www.carsales.com.au/cars/details/2012-toyota-kluger-altitude-auto-2wd-my12/SSE-AD-13032270/,2022-06-22 00:00:00
8,,,,,,,2017-2WD-SSE-AD-12624836,2017 Toyota Kluger GX Auto 2WD,2017,67000,34999,1,2WD,private,https://www.carsales.com.au/cars/details/2017-toyota-kluger-gx-auto-2wd/SSE-AD-12624836/,2022-06-22 00:00:00
9,,,,,,,2014-AWD-SSE-AD-12966518,2014 Toyota Kluger GX Auto AWD,2014,144226,28990,1,AWD,private,https://www.carsales.com.au/cars/details/2014-toyota-kluger-gx-auto-awd/SSE-AD-12966518/,2022-06-22 00:00:00
10,,,,,,,2017-2WD-SSE-AD-12456464,2017 Toyota Kluger GX Auto 2WD,2017,113000,34500,1,2WD,private,https://www.carsales.com.au/cars/details/2017-toyota-kluger-gx-auto-2wd/SSE-AD-12456464/,2022-06-22 00:00:00
11,,,,,,,2016-2WD-SSE-AD-12177637,2016 Toyota Kluger GXL Auto 2WD,2016,89000,38000,2,2WD,private,https://www.carsales.com.au/cars/details/2016-toyota-kluger-gxl-auto-2wd/SSE-AD-12177637/,2022-06-22 00:00:00
0,,,,,,,2018-AWD-SSE-AD-12848247,2018 Toyota Kluger GXL Auto AWD,2018,37000,54000,2,AWD,private,https://www.carsales.com.au/cars/details/2018-toyota-kluger-gxl-auto-awd/SSE-AD-12848247/,2022-06-22 00:00:00
1,,,,,,,2019-2WD-SSE-AD-12313738,2019 Toyota Kluger Grande Auto 2WD,2019,27000,58500,3,2WD,private,https://www.carsales.com.au/cars/details/2019-toyota-kluger-grande-auto-2wd/SSE-AD-12313738/,2022-06-22 00:00:00
